person_age,insurance_premium
58,2633
33,1703
61,2668
55,2690
31,1483
53,2334
52,2274
35,1873
69,2850
35,2018
39,1756
40,1925
69,2762
25,1405
53,2331
74,3180
63,2684
67,3145
32,1637
47,2164
41,1934
62,2768
56,2460
33,1555
77,3243
61,2778
21,1479
38,2054
76,3341
38,1695
74,3189
34,1751
52,2255
75,3194
26,1579
21,1315
28,1464
22,1177
47,2372
73,3183
25,1323
35,1748
36,1684
79,3405
80,3521
76,3133
71,3039
27,1588
79,3340
18,1045
25,1458
71,3132
33,1779
23,1389
80,3469
26,1565
28,1672
45,2194
66,2971
37,1792
41,1864
25,1609
19,1218
32,1585
21,1448
73,3023
35,1819
26,1533
54,2530
69,3186
60,2582
47,2300
59,2700
43,2121
24,1461
46,2299
47,2416
46,2250
24,1681
71,3417
66,2977
49,2409
75,3068
42,2096
47,2176
64,2857
63,2884
31,1620
52,2314
21,1153
72,3290
50,2456
56,2752
43,2282
33,1843
23,1214
51,2375
60,2727
43,1943
47,2241
22,1048
54,2508
31,1741
40,2024
41,1841
52,2347
69,3163
70,3209
24,1416
25,1422
27,1346
63,2764
72,2969
75,3325
58,2620
18,1287
80,3449
53,2368
25,1628
75,3503
41,2092
26,1263
77,3401
75,3204
60,2768
74,3299
65,3115
73,3272
29,1633
65,2915
44,2180
69,3161
62,2970
72,3210
76,3261
68,3027
60,2617
73,3241
40,1889
80,3426
19,1448
29,1697
20,1008
64,2791
80,3356
54,2708
45,2548
52,2521
65,2834
22,1348
57,2715
64,2813
60,2589
36,1879
60,2701
75,3071
43,2223
36,1879
56,2464
46,2096
68,3032
28,1513
60,2661
70,3094
37,1934
19,1499
57,2670
44,2076
63,2729
33,1631
75,3286
24,1405
69,3018
21,1390
25,1473
60,2594
38,1936
57,2669
45,2095
75,3423
46,2205
58,2679
49,2295
22,1324
39,1768
26,1289
27,1591
44,1954
21,1090
75,3357
19,1210
42,2191
37,1924
79,3353
65,2800
32,1663
49,2149
61,2744
71,3230
57,2721
55,2661
59,2788
29,1360
31,1568
74,3240
71,3207
48,1949
78,3284
67,3013
19,1215
19,1211
48,2177
31,1641
41,1840
65,2922
28,1561
19,1162
76,3284
63,2650
71,3220
67,2904
69,3298
68,2719
60,2551
39,1632
49,2560
58,2590
27,1483
79,3340
76,3179
45,2103
38,1939
23,1168
66,2828
42,1877
38,1958
69,3016
56,2555
18,1216
33,1624
66,2742
63,2869
23,1196
33,1560
48,2203
65,2827
47,2237
25,1386
65,2915
29,1557
35,1890
51,2508
71,3158
29,1525
26,1652
53,2638
58,2582
73,3125
48,2338
21,1406
25,1364
22,1265
27,1283
37,1872
53,2392
68,3035
42,1912
73,3090
54,2408
65,2926
58,2533
28,1344
28,1143
56,2716
36,1803
47,2268
34,1699
60,2746
25,1346
76,3434
21,1196
65,2971
46,2110
62,2771
52,2549
20,1234
56,2740
79,3491
55,2573
61,2690
66,2854
59,2656
55,2596
80,3308
39,2086
28,1474
36,1744
66,2816
38,2055
67,2818
18,1060
44,1840
57,2546
66,2911
26,1419
62,2936
58,2654
28,1719
44,2389
76,3549
59,2610
63,2779
44,2200
33,1813
30,1562
74,3455
67,2908
77,3340
18,1109
55,2468
73,2974
40,1994
42,1988
30,1612
42,2087
20,1061
76,3253
60,2673
27,1637
50,2334
24,1330
51,2439
27,1409
27,1553
34,1696
59,2555
61,2709
38,1994
49,2374
22,1232
36,1832
45,2167
63,2772
62,2977
38,1884
41,2023
44,2162
28,1363
42,2061
76,3326
58,2639
18,1112
36,1890
46,2242
37,1768
34,1710
42,2107
42,1941
62,2980
60,2883
73,3198
21,1275
71,3115
69,3119
32,1601
61,2767
61,2708
75,3387
68,2881
64,3072
38,1947
26,1521
41,2133
71,3323
78,3436
65,2926
47,2260
79,3331
61,2781
69,3162
43,1749
47,2238
34,1813
78,3309
48,2519
53,2323
59,2809
76,3252
25,1650
37,1877
33,1760
47,2400
62,2759
65,2977
59,2426
44,2120
62,2635
78,3253
80,3360
80,3564
35,1952
72,3227
31,1554
19,1056
26,1485
71,3150
31,1655
67,3169
18,1357
26,1502
25,1533
18,1207
55,2618
21,1063
25,1334
67,2837
46,2334
20,1320
60,2588
79,3739
72,3101
49,2220
75,3066
22,1141
55,2475
56,2443
56,2614
25,1386
67,3066
45,2185
39,1884
64,2635
60,2910
61,2801
71,2885
65,2940
53,2735
53,2590
40,2038
45,2153
79,3351
24,1417
60,2803
40,1933
66,2971
45,2234
70,3037
53,2753
71,3228
35,1758
39,2016
27,1395
27,1590
23,1371
44,2211
37,1885
54,2589
27,1329
61,2505
45,2030
35,1585
40,1948
61,2636
37,1633
56,2654
78,3524
34,1896
49,2354
42,2071
53,2486
22,1306
45,2463
73,3036
43,2005
25,1583
28,1477
71,3060
45,2168
55,2678
73,3103
39,2018
58,2396
75,3224
79,3453
33,1711
29,1581
59,2943
58,2650
66,2889
74,3153
57,2786
38,2118
46,2235
55,2247
37,2014
41,2082
73,3223
56,2436
53,2458
20,1296
59,2510
50,2566
24,1429
80,3362
29,1493
46,2097
41,1982
44,2091
21,1227
22,1147
42,2023
60,2694
27,1345
27,1481
59,2604
56,2658
53,2504
70,3019
78,3349
51,2262
50,2239
29,1552
67,3000
26,1396
68,3050
71,3035
60,2738
26,1531
29,1583
69,3043
20,1169
33,1698
66,2855
52,2622
68,3091
41,1921
46,2172
42,1931
28,1560
26,1521
48,2217
24,1289
25,1441
35,1644
71,3273
32,1741
77,3654
50,2223
23,1516
77,3292
39,1996
36,1783
71,3061
46,2300
19,1304
53,2428
45,2105
37,1887
58,2567
25,1353
52,2082
33,1696
18,1173
44,2020
51,2412
51,2417
50,2249
48,2048
41,2215
68,3032
60,2736
65,2965
40,2031
29,1544
80,3391
69,3002
78,3346
20,1302
38,1862
70,3087
66,2917
73,3257
39,2002
45,2163
75,3256
29,1431
77,3341
23,1435
56,2577
36,1990
60,2543
63,2773
40,1958
76,3485
35,1824
21,1100
41,2017
28,1559
56,2474
26,1512
41,2179
20,1188
78,3227
22,1190
43,2058
79,3400
49,2431
25,1412
46,2041
62,2744
25,1639
29,1521
23,1427
38,1879
53,2564
72,3106
62,2825
50,2557
68,3076
19,1049
47,2164
57,2664
43,2090
51,2252
54,2768
59,2416
51,2513
67,2867
67,2950
76,3343
51,2506
38,1913
78,3419
72,3254
79,3516
37,1968
59,2894
27,1339
75,3341
54,2697
23,1163
54,2546
54,2396
49,2257
59,2647
69,2988
47,2494
46,2047
39,1897
63,3012
40,1998
41,2126
33,1705
33,1947
78,3262
33,1748
70,2932
38,2024
50,2457
49,2623
50,2359
55,2700
49,2380
61,2614
72,3333
34,1766
41,2300
53,2256
22,1156
53,2652
61,2839
24,1434
39,1857
27,1284
50,2645
63,2655
47,2422
26,1326
28,1414
71,3031
71,2988
54,2573
41,2155
44,2164
64,2825
56,2715
68,2991
32,1600
28,1511
67,3021
61,2576
62,3044
38,1771
31,1672
76,3397
64,3051
31,1776
48,2223
29,1427
52,2448
64,2903
34,1800
33,1663
78,3378
36,1795
49,2207
77,3341
36,1722
42,2010
40,1992
36,2122
23,1188
34,1779
70,3212
62,2944
65,2911
60,2728
32,1435
63,2769
26,1092
77,3217
74,3178
30,1589
36,1926
23,1363
65,2994
76,3270
71,3323
71,2964
77,3412
36,1893
54,2607
39,2133
52,2529
26,1395
30,1572
64,2861
29,1391
36,1838
29,1496
43,2017
23,1485
80,3354
33,1439
46,2288
37,1757
34,1719
21,1172
28,1375
75,3282
62,3009
36,1863
79,3561
65,2892
62,2665
52,2460
66,2948
73,3119
51,2476
54,2617
75,3149
27,1638
46,2271
55,2651
46,2127
50,2204
53,2513
64,2859
18,1085
20,1192
52,2436
22,1294
36,1851
67,2964
79,3581
42,2186
42,1985
60,2762
73,3277
52,2538
80,3668
19,1179
64,2738
70,2890
27,1677
64,2954
60,2736
74,3241
22,1565
56,2646
33,1645
32,1688
67,2691
36,2009
54,2350
61,2763
74,3112
32,1659
53,2489
76,3215
53,2601
78,3303
51,2230
27,1574
52,2510
37,1910
47,2192
79,3267
42,2112
59,2426
41,1975
30,1401
56,2657
30,1543
60,2592
73,3184
76,3632
79,3421
66,2949
56,2492
33,1742
42,1966
37,1673
49,2361
64,2947
76,3229
20,1263
27,1174
55,2426
27,1526
54,2426
59,2662
66,3016
59,2593
64,2907
64,2921
74,3155
21,1349
22,1294
66,3190
58,2591
18,965
21,1218
57,2581
19,843
18,1106
52,2449
70,2998
78,3427
24,1396
57,2663
35,1866
79,3275
62,2711
72,3433
59,2757
42,1888
58,2820
49,2270
39,2023
24,1437
32,1827
74,3221
77,3593
75,3203
29,1555
79,3554
70,3011
22,1142
54,2443
75,3176
65,3142
64,2860
40,1712
71,2912
57,2580
67,2860
68,3001
40,1887
29,1517
23,1327
33,1807
27,1534
27,1461
24,1634
46,2181
26,1222
53,2352
19,955
56,2517
42,1749
67,3196
75,3276
51,2221
26,1440
27,1240
44,2166
41,2021
58,2540
47,2154
78,3475
42,2016
39,2012
59,2701
38,1865
48,2454
79,3406
58,2519
33,1687
68,3140
54,2713
29,1473
78,3476
31,1607
62,2954
68,2856
58,2643
27,1523
22,1190
55,2373
76,3257
20,1188
75,3211
76,3344
60,2774
57,2907
61,2867
39,1914
18,1211
65,2785
54,2351
47,2166
50,2583
48,2056
79,3553
64,2778
47,2156
40,1845
62,2932
20,1298
72,3300
69,3280
33,1590
39,2068
32,1629
29,1470
19,1273
46,2108
63,2794
63,2903
24,1310
41,1844
34,1651
79,3330
57,2733
40,1929
70,3123
76,3414
26,1475
25,1348
50,2214
54,2563
58,2763
77,3347
49,2386
71,3270
40,1942
30,1685
50,2257
49,2398
49,2105
68,2993
35,1745
67,2972
67,2837
54,2537
70,3074
66,2883
52,2237
65,2906
37,1930
34,1829
46,2250
69,3129
55,2602
57,2667
26,1494
69,2884
35,1855
80,3435
35,1758
75,3362
79,3346
21,1287
26,1530
27,1546
66,2887
27,1484
44,2277
68,3067
50,2319
74,3399
38,1991
72,3153
47,2202
72,2889
31,1661
49,2405
39,2033
72,3084
61,2842
58,2565
25,1450
47,2682
30,1619
74,3298
77,3400
41,1879
75,3381
58,2588
32,1815
24,949
26,1340
46,2079
70,3248
62,3012
42,2145
24,1522
26,1526
73,3442
27,1243
57,2505
64,2866
76,3250
73,3368
26,1385
42,1897
68,2976
23,1190
64,2890
62,2979
74,3053
50,2180
59,2915
79,3270
33,1604
51,2445
41,2047
73,3139
52,2432
79,3440
55,2514
20,1286
43,1994
50,2273
43,1830
57,2810
23,1391
69,2946
55,2593
61,2715
45,2219
21,1456
25,1308
37,1810
29,1508
62,2435
40,2008
64,2731
65,2895
74,3439
39,1932
22,1508
58,2385
41,2200
28,1531
24,1362
25,1219
20,1306
20,1131
27,1715
20,1352
65,2923
33,1692
35,1728
25,1540
29,1366
20,1273
47,2248
37,1700
18,1122
68,2883
47,2406
67,2970
52,2427
18,1210
52,2517
74,3052
66,3006
64,2919
80,3257
21,1295
35,2025
75,3216
75,3441
23,1226
58,2713
54,2350
26,1448
38,1869
71,3088
35,1987
26,1389
27,1257
38,1749
79,3340
47,2382
28,1510
63,2930
71,3167
63,2707
50,2261
70,3106
43,2028
53,2267
69,3112
21,1350
26,1287
61,2686
55,2643
22,1619
75,3316
23,1377
39,2173
21,1074
70,2994
42,2103
31,1639
46,2260
57,2538
49,2161
21,1081
44,2289
51,2587
52,2505
68,2918
68,3139
50,2327
19,1238
75,3260
69,3038
67,2992
28,1394
35,1829
65,3193
32,1809
42,2146
72,3183
38,1881
76,3277
40,1944
54,2518
69,2993
37,2087
21,1317
51,2315
57,2756
63,2903
73,3380
55,2598
25,1469
79,3346
60,2852
37,2047
64,2878
79,3364
63,2820
77,3275
60,2776
37,1843
29,1664
78,3461
67,3010
56,2638
57,2418
77,3280
22,1516
28,1647
70,3026
74,3415
31,1829
34,1743
21,1259
80,3265
74,3078
24,1406
54,2455
28,1582
20,1162
78,3247
74,3219
53,2502
39,1850
48,2185
59,2858
28,1394
80,3389
64,2822
60,2735
21,1121
49,2164
45,2284
58,2684
19,1065
80,3609
37,1787
75,3367
52,2310
42,1894
34,1745
71,3307
66,3026
60,2551
80,3473
21,1306
44,2116
77,3457
48,2129
72,3066
75,3151
80,3545
66,3086
28,1546
26,1728
61,2912
58,2452
38,1951
22,1065
53,2432
47,2289
62,2678
44,2276
54,2505
78,3589
67,2921
52,2468
34,1592
56,2641
43,1908
62,2665
74,3252
65,2888
41,2155
37,1970
72,3247
73,3137
65,2975
35,1720
23,1404
70,2930
51,2415
50,2425
63,2923
72,3040
29,1681
71,3408
21,1263
35,1630
43,2172
19,1001
46,2355
55,2462
71,3127
62,3053
21,1072
79,3461
32,1671
44,2219
79,3510
76,3424
69,3047
69,3043
63,2731
42,1988
31,1582
70,2989
18,1093
71,3061
56,2536
24,1313
35,1868
34,1863
59,2793
66,3132
72,3100
60,2836
19,1313
34,1714
65,2824
54,2456
63,2628
68,3152
40,2059
71,3024
36,2012
34,1668
76,3217
39,1962
32,1652
68,2975
55,2647
48,2083
55,2572
74,3396
61,2707
21,1314
30,1785
75,3224
38,1934
23,1253
29,1744
46,2216
28,1605
68,3091
57,2469
45,2141
20,1224
78,3232
71,3261
18,1167
62,2771
24,1247
28,1805
78,3360
56,2447
61,2751
75,3275
28,1570
43,2145
26,1672
50,2199
59,2625
58,2453
21,1394
24,1498
62,2560
25,1295
27,1415
18,1068
60,2622
62,2910
24,1285
36,2028
30,1631
71,3168
63,2917
53,2498
77,3363
18,1255
71,3001
78,3123
64,2948
59,2888
36,2018
70,3307
36,1756
45,2242
66,3000
26,1514
40,2034
35,1846
70,3223
43,2086
42,1952
44,2160
25,1389
80,3482
44,2077
54,2542
42,1989
73,3256
80,3403
49,2100
20,1082
18,1122
67,2964
32,1672
39,1891
57,2472
33,1646
59,2771
53,2417
18,1228
72,3016
28,1263
33,1690
50,2221
43,2158
46,2126
72,3107
80,3379
24,1546
53,2882
56,2551
74,3275
60,2639
70,3139
47,2258
56,2491
63,2955
60,2607
71,3162
53,2420
20,1184
70,3073
24,1454
25,1389
47,2266
39,1725
77,3295
25,1343
60,2597
79,3284
21,1158
55,2390
76,3293
29,1639
42,1968
38,1801
80,3418
33,1909
80,3523
26,1413
65,2982
53,2445
77,3376
31,1618
40,2013
63,2939
50,2263
63,2682
48,2393
63,2829
71,3224
45,2088
19,1361
21,1277
28,1527
27,1473
36,1625
40,2042
73,3103
32,1598
33,1761
62,2697
77,3205
68,3006
53,2449
30,1633
73,3224
58,2586
66,2933
30,1693
36,1983
22,1415
50,2589
35,1884
55,2604
47,2295
27,1461
67,2945
60,2766
53,2497
38,2037
51,2109
44,2019
40,2028
39,1895
78,3297
53,2535
18,1024
33,1680
57,2804
74,3394
78,3376
64,3030
70,3004
50,2497
75,3228
23,1370
79,3339
58,2512
67,2896
71,2879
62,2791
45,2269
65,3008
63,2983
21,1274
22,1332
34,1605
43,2245
61,3005
64,2872
55,2708
40,2016
68,2934
36,1751
43,2165
28,1624
43,2138
36,1853
61,2814
73,3134
78,3640
27,1744
56,2415
23,1349
75,3298
75,3163
28,1372
34,1849
69,3173
66,2987
47,2340
60,2947
64,2987
40,1844
24,1560
30,1437
57,2571
27,1415
38,1923
38,1942
65,2886
41,1991
74,3101
67,2804
29,1671
35,1837
52,2402
58,2888
19,1157
70,2987
55,2741
34,1891
48,2342
43,2120
64,2912
50,2239
50,2375
79,3364
28,1593
28,1747
60,2758
64,2777
32,1694
34,1921
31,1682
42,1912
20,1059
24,1288
71,3117
55,2596
59,2540
75,3203
42,2059
43,2208
49,2375
18,1257
28,1331
35,1877
41,2066
60,2797
64,2755
48,2388
71,3133
26,1529
58,2753
27,1484
29,1459
80,3588
64,2909
78,3133
48,2307
71,3227
55,2566
60,2789
61,2589
55,2335
26,1537
73,3180
70,3282
48,2232
74,3154
25,1284
75,3331
75,3256
45,2071
20,1148
78,3406
42,2112
76,3283
24,1384
67,3109
36,1715
34,1702
68,2642
51,2174
62,2727
24,1254
34,1566
54,2471
61,2804
53,2378
41,1888
37,1888
43,2149
60,2751
68,3069
31,1678
69,3010
63,2607
58,2973
27,1380
23,1401
23,1332
77,3333
51,2572
21,1294
58,2788
72,3201
36,1878
50,2366
28,1468
59,2949
35,1744
43,2141
18,1251
23,1331
53,2432
79,3434
79,3619
54,2676
50,2578
36,1963
50,2375
70,3090
46,2173
67,2871
67,2834
55,2470
34,1572
32,1697
38,1810
52,2604
33,1568
65,2972
77,3262
31,1640
78,3469
30,1654
65,2885
32,1684
57,2640
25,1403
60,2863
72,3292
48,2208
75,3291
73,3280
66,2932
32,1747
51,2307
52,2244
73,3248
80,3215
38,2009
31,1782
41,2010
53,2437
79,3344
49,2176
66,3045
35,1659
80,3477
24,1420
53,2347
27,1493
48,2311
49,2501
58,2621
68,3015
72,3061
62,2843
34,1658
46,2196
41,2134
34,1609
40,2042
30,1536
52,2466
40,1800
67,3051
42,1938
79,3540
69,3012
57,2683
22,1164
38,1859
35,1700
74,3337
41,1926
46,2266
19,1227
34,1745
23,1182
24,1592
53,2499
51,2463
34,1860
77,3327
33,1633
26,1590
19,1010
76,3134
80,3518
53,2611
62,2682
47,2163
54,2399
52,2319
52,2599
37,1859
37,1511
66,2904
48,2225
49,2274
18,1192
56,2777
41,2179
45,2250
65,2958
32,1511
33,1764
57,2578
36,1723
35,1892
29,1757
47,2223
57,2548
27,1212
29,1567
26,1448
32,1946
31,1581
69,2955
62,2754
71,3182
35,1872
48,2452
34,1794
25,1419
42,1973
65,2909
65,2819
80,3297
79,3342
58,2643
53,2458
58,2527
21,1290
25,1238
18,1129
25,1432
80,3523
48,2334
67,3123
23,1296
80,3453
21,1375
52,2482
32,1514
59,2714
46,2296
42,2168
75,3193
53,2400
30,1487
38,1891
71,3205
28,1692
36,1759
47,1944
42,2124
57,2620
33,1888
79,3322
51,2397
27,1447
59,2832
60,2862
26,1680
24,1505
54,2412
49,2272
34,1812
63,3081
31,1746
71,3212
21,1270
74,3130
63,2619
51,2661
37,1927
51,2347
52,2482
60,2579
29,1452
65,2741
40,1949
45,2195
29,1442
60,2950
46,2238
53,2454
41,1910
70,3015
54,2405
53,2460
79,3569
18,1261
56,2800
74,3180
32,1601
67,2951
35,1746
54,2525
20,1323
34,1610
32,1622
54,2639
64,2745
48,2379
62,2837
24,1350
64,2810
67,3017
40,1924
77,3393
32,1738
77,3411
42,1768
38,1985
50,2408
61,2683
46,2121
23,1300
43,1970
48,2397
43,1933
45,2224
26,1509
43,2128
57,2600
33,1767
38,1813
25,1330
40,1858
59,2572
40,2098
46,2093
77,3373
41,1986
23,1587
78,3456
71,3202
62,2767
48,2360
52,2222
66,2746
64,2863
60,2426
60,2715
21,1323
57,2420
78,3102
35,1888
41,2081
73,3156
80,3625
24,1334
56,2624
50,2321
63,2836
51,2202
65,2773
40,1924
80,3456
21,1361
74,3239
78,3361
27,1362
26,1267
79,3497
61,2770
27,1439
56,2399
31,1550
61,2809
37,1952
76,3552
80,3412
54,2477
53,2435
29,1705
64,2735
80,3325
46,2242
58,2639
67,3128
19,1136
35,1704
56,2493
40,2030
26,1351
63,2876
42,2147
30,1436
80,3417
44,2029
30,1692
77,3315
57,2544
47,2186
67,2951
42,1977
78,3309
51,2355
20,1109
70,3134
33,1612
65,2673
66,3052
36,1947
67,2907
45,2329
62,2880
71,3222
50,2395
78,3332
43,1939
29,1693
75,3069
34,1651
63,2815
25,1354
58,2477
42,2149
57,2581
42,2197
39,1874
27,1640
67,2892
37,1961
36,1918
26,1496
66,2750
72,3214
56,2577
55,2430
46,1984
33,1710
58,2705
21,1484
40,2167
60,2620
39,1990
44,2135
36,1789
56,2455
79,3291
77,3385
38,1783
22,1363
22,1439
62,2762
44,2083
57,2351
80,3575
48,2200
68,3011
56,2568
54,2491
26,1344
64,2753
29,1579
36,1857
19,1246
65,2926
44,2048
53,2479
58,2604
68,2930
53,2641
61,2616
54,2614
29,1682
77,3441
69,3257
27,1589
52,2369
70,3083
71,3001
61,2579
31,1585
76,3277
80,3586
39,1928
71,2948
29,1654
66,3057
63,2561
49,2270
71,3135
37,1711
20,1313
46,2244
75,3327
77,3451
37,1922
73,3458
51,2458
64,2633
73,3338
77,3522
73,2942
20,1266
65,2743
37,1897
30,1574
38,1865
35,1760
18,1133
24,1262
38,2088
69,3059
22,1457
52,2529
48,2327
42,1794
29,1651
58,2624
57,2524
30,1563
52,2663
66,3042
70,3065
24,1328
63,2745
78,3519
57,2480
29,1521
68,2986
49,1999
40,2062
36,1763
26,1346
63,2794
59,2594
47,2100
57,2718
48,2186
70,2997
80,3496
52,2472
60,2966
54,2552
56,2432
70,3036
43,2306
70,3142
38,1830
23,1486
55,2499
18,1118
46,2098
54,2540
74,3073
76,3404
77,3503
40,1965
57,2593
26,1525
75,3399
63,2959
25,1469
33,1590
58,2511
42,2091
29,1628
42,2009
44,2360
60,2964
59,2621
49,2421
26,1295
44,2180
62,2686
29,1439
70,2997
29,1730
49,2319
50,2524
54,2666
54,2400
55,2482
27,1405
72,3168
47,2103
57,2349
65,2852
61,2791
37,1967
52,2341
50,2302
39,2096
69,3146
62,2794
64,2863
58,2717
21,1248
65,2878
23,1567
68,3145
35,1787
65,3020
55,2485
41,2011
62,2880
51,2351
23,1325
70,2858
44,2135
46,2250
54,2445
59,2766
21,1095
37,2008
77,3251
63,2818
51,2450
77,3289
38,1892
20,986
40,1947
76,3296
35,1954
59,2562
61,2748
55,2449
61,2801
53,2822
22,1606
24,1326
64,2935
19,1313
56,2628
78,3474
79,3576
26,1477
59,2808
75,3376
36,1968
58,2797
67,3108
67,2975
67,3025
42,2219
34,1755
46,2477
30,1662
49,2068
45,2035
76,3303
20,993
34,1843
49,2164
77,3112
27,1583
54,2392
67,2847
72,3200
22,1447
79,3442
25,1542
40,1922
21,1388
23,1454
39,1682
67,3034
53,2233
30,1466
24,1315
23,1296
30,1693
64,2869
42,1781
37,2007
69,3205
20,1148
64,3090
69,2944
78,3460
27,1509
22,1508
59,2965
57,2519
26,1227
75,3325
47,2300
22,1374
49,2222
22,1243
69,3048
43,2269
54,2441
79,3430
55,2742
35,1591
62,2880
33,1767
24,1333
42,2139
49,2582
77,3196
74,3172
68,2985
31,1616
46,2350
57,2524
63,2965
58,2623
44,2163
25,1444
57,2621
52,2288
58,2628
30,1758
72,3134
29,1776
21,1252
45,2017
74,3324
65,2622
28,1453
25,1450
46,2146
30,1684
32,1645
24,1214
30,1641
48,2393
45,2377
47,2083
47,2173
80,3360
20,1336
26,1216
44,2003
74,3342
68,2929
28,1417
32,1849
49,2327
48,2263
64,2977
33,1564
75,3319
76,3438
80,3759
64,2953
51,2447
62,2722
33,1726
62,2884
26,1474
23,1183
28,1599
65,3028
47,2300
43,2243
58,2547
73,3114
62,2968
45,2136
57,2646
68,2940
39,2031
78,3352
21,1110
57,2406
59,2801
63,2886
39,2097
48,2277
73,3210
65,2867
75,3192
35,1593
46,2060
25,1281
70,3055
57,2530
62,2867
22,1478
23,1567
36,1863
28,1473
49,2379
78,3355
80,3555
48,2112
59,2807
19,1210
78,3315
55,2428
38,1833
51,2321
37,1972
37,1855
48,2236
72,2985
47,2213
28,1514
80,3402
75,3337
33,1969
54,2482
29,1516
60,2619
41,2167
52,2587
43,2096
78,3322
18,1138
50,2301
48,2331
66,2921
27,1488
77,3292
64,3009
61,2710
43,2113
40,2226
59,2469
68,3008
19,1359
61,2848
50,2187
56,2685
76,3226
63,2785
41,1817
37,1887
23,1511
65,2910
36,1801
75,3400
26,1403
27,1289
73,3131
77,3350
23,1106
35,1645
63,2941
30,1448
53,2524
37,1845
53,2476
68,2983
79,3349
25,1511
44,2313
59,2830
35,1935
56,2492
54,2490
61,2707
25,1407
19,1239
21,1049
62,2918
35,1683
79,3380
51,2488
30,1646
24,1448
38,1935
61,2746
62,2879
55,2642
26,1366
49,2453
28,1681
32,1704
53,2519
51,2371
62,2862
47,2276
26,1414
37,1935
46,2155
66,2956
37,1995
32,1601
62,2940
26,1441
66,3016
67,2848
30,1678
50,2230
76,3494
60,3018
25,1439
75,3172
19,1352
78,3217
40,1750
64,2749
22,1086
18,1137
79,3579
52,2363
77,3138
63,2784
29,1721
29,1645
45,2195
25,1390
47,2405
66,2901
64,2725
25,1265
65,3086
46,2029
72,3261
75,3205
61,2926
61,2870
46,2141
25,1233
55,2534
75,3298
80,3526
72,3176
71,2970
66,2856
35,1823
78,3225
56,2610
50,2372
24,1142
32,1761
24,1433
49,2417
42,1998
37,1965
22,1206
49,2337
60,2578
52,2536
52,2454
45,2209
46,2072
47,2376
60,2698
63,2624
37,1771
25,1298
53,2367
48,2348
21,1113
80,3385
67,2968
19,1288
41,2008
19,1141
42,1908
40,2130
33,1601
55,2434
73,3104
19,1333
60,2661
75,3432
48,2399
42,1998
24,1451
61,2544
69,3006
57,2792
30,1691
68,3177
31,1828
54,2522
65,2898
55,2400
22,1188
45,2225
59,2608
37,1719
30,1609
50,2363
29,1531
51,2329
31,1696
78,3523
52,2471
76,3170
58,2733
47,2376
61,2806
44,2216
22,1379
35,1750
34,1767
33,1810
33,1691
49,2194
59,2699
35,1782
69,2871
59,2749
49,2392
75,3060
73,3472
75,3181
23,1438
71,3308
65,3008
60,2790
77,3213
23,1497
69,3143
65,2903
33,1730
24,1608
46,2307
21,1176
78,3146
48,2378
74,3289
48,2319
19,1296
20,1203
78,3637
60,2528
37,1834
75,3331
73,3010
18,1125
80,3444
77,3356
31,1682
46,2286
67,3007
35,1824
78,3374
77,3335
74,3278
28,1434
40,1959
53,2371
19,1147
29,1602
26,1588
37,2028
28,1491
67,2985
72,3060
78,3206
65,3016
55,2558
30,1430
43,2149
74,3364
19,1174
58,2821
47,2174
28,1319
56,2739
41,1811
18,1076
76,3334
49,2257
30,1626
35,1606
26,1504
31,1645
61,2850
68,2957
34,1564
33,1653
47,1978
73,3138
61,2600
45,2161
24,1511
77,3520
56,2614
56,2609
18,1021
37,1857
26,1434
55,2642
49,2346
26,1397
45,2341
20,1215
80,3459
77,3477
34,1767
34,1631
28,1718
66,2906
77,3382
21,1483
29,1553
63,2941
75,3320
40,1963
47,2320
73,3064
31,1674
28,1576
54,2448
55,2543
67,2869
22,1113
24,1446
61,2774
41,2134
71,3304
47,2200
47,2225
60,3098
59,2571
78,3377
79,3479
73,3018
38,1903
53,2433
43,2103
67,3034
72,3001
43,2094
59,2613
69,3107
37,1826
40,2033
50,2147
42,1919
45,1932
41,1908
45,1904
80,3484
61,2846
51,2273
36,1962
69,3140
26,1429
33,1682
21,1391
50,2124
24,1360
70,3084
23,1438
65,2952
29,1640
44,2110
55,2539
46,2191
79,3441
31,1643
56,2481
45,2299
25,1228
47,2309
79,3409
37,1985
41,2117
61,2704
26,1549
70,3429
72,2843
27,1397
58,2582
23,1170
48,2393
75,3207
79,3566
46,2239
54,2441
39,1688
63,2697
49,2236
53,2466
43,1970
57,2645
73,3169
51,2087
53,2681
44,2171
57,2585
62,2876
64,2747
32,1565
61,2616
71,3031
74,3193
79,3571
59,2710
69,3068
31,1646
60,2787
28,1633
44,2087
33,1924
19,1191
61,2865
75,3324
39,1828
25,1297
39,1953
67,2972
27,1546
56,2543
77,3361
79,3477
24,1323
72,3182
20,1310
25,1478
28,1511
66,2927
24,1236
70,3229
46,2206
18,1239
39,2033
35,1800
41,2020
66,2862
32,1469
76,3157
72,3107
78,3580
18,1069
22,1208
80,3381
43,2043
59,2475
80,3434
60,2781
44,2060
53,2450
38,1958
35,1753
27,1403
31,1605
57,2573
74,3192
67,2910
20,1137
64,2933
52,2583
53,2362
58,2872
68,3009
71,3114
50,2584
41,1820
25,1252
25,1289
18,1316
69,2973
63,2792
52,2431
37,1910
63,2912
42,2056
38,1955
67,3119
63,2698
23,1567
48,2462
61,2641
51,2446
55,2410
46,2300
64,2880
27,1360
47,2171
73,3155
47,2236
78,3500
25,1323
25,1383
51,2226
41,1832
68,3066
44,2360
74,3316
65,3008
40,2248
48,2160
75,3148
71,3050
66,2786
66,2798
73,3282
57,2518
32,1655
20,1267
65,3068
28,1446
68,2985
59,2455
30,1575
66,2679
30,1519
19,1430
29,1568
31,1592
74,3346
52,2326
20,1371
39,1810
73,3101
23,1554
28,1614
67,2887
44,2227
79,3600
21,1429
27,1427
42,2088
21,1280
55,2332
50,2474
21,1105
22,1193
32,1735
53,2446
33,1670
26,1308
23,1282
68,2995
28,1454
45,2133
20,805
71,3060
28,1961
48,2275
61,2658
58,2760
36,1812
54,2732
62,2951
53,2465
31,1762
38,1962
58,2649
46,2101
38,1736
56,2726
26,1574
48,2672
29,1699
63,2719
23,1302
22,1418
70,3040
40,1960
56,2648
67,3056
25,1562
46,2186
66,3110
40,2068
58,2609
32,1708
20,1398
63,2951
80,3400
73,3009
28,1466
54,2413
29,1767
22,1537
72,2960
68,3127
19,1198
52,2374
74,3377
59,2620
72,3125
44,2046
47,2098
20,1249
35,1747
38,2039
23,1372
65,2828
79,3423
28,1701
58,2389
69,3149
77,3349
24,1530
71,2982
68,3199
56,2582
58,2754
80,3738
38,1886
68,3229
46,1980
45,2042
53,2632
43,2094
32,1699
57,2339
68,2902
24,1551
68,2694
55,2709
56,2490
71,2932
58,2560
48,2185
33,1951
26,1293
79,3353
55,2544
27,1381
36,2001
55,2603
33,1792
72,3003
80,3641
68,3119
48,2378
56,2634
54,2473
44,2270
74,3318
32,1652
62,2648
33,1738
70,3079
31,1722
18,1319
19,1285
46,2016
66,3111
30,1709
74,3328
72,3221
19,1186
24,1241
42,2137
39,1928
33,1603
28,1577
57,2652
22,1498
26,1491
42,2012
45,2166
20,1165
72,3197
38,1768
35,1832
79,3299
64,2604
60,2779
42,1998
50,2183
29,1446
62,2933
48,2118
76,3264
31,1708
73,3241
45,2112
77,3347
23,1559
46,2219
20,1133
45,2027
41,1985
42,1749
34,1687
23,1163
52,2449
77,3501
41,2111
30,1610
65,2874
35,1622
26,1462
65,2896
67,3061
68,3025
70,3020
48,2386
78,3199
32,1708
32,1715
66,3000
39,1911
30,1756
44,1926
53,2665
73,3429
18,1089
40,1826
61,2764
62,2732
19,1328
26,1684
39,1982
76,3392
80,3618
22,1365
24,1562
58,2693
24,1435
70,2987
29,1756
42,2074
60,2589
41,2082
73,3161
25,1213
65,3172
73,3347
37,1830
48,2071
37,1745
61,2802
27,1568
56,2495
76,3185
47,2229
36,1930
40,1956
37,1942
72,3165
75,3168
42,2075
54,2416
20,1379
35,1737
60,2704
64,2914
44,2114
41,2232
67,2907
28,1337
47,2031
61,2690
65,2961
20,1512
76,3197
47,2370
53,2436
46,2304
71,3248
56,2502
52,2470
60,2681
27,1566
63,2690
31,1793
58,2597
63,2918
62,2968
18,954
30,1577
33,1935
19,1194
30,1707
79,3440
71,3109
20,1364
38,1780
57,2403
78,3403
24,1468
43,2201
31,1784
70,2953
20,1295
37,1782
24,1413
77,3381
79,3306
58,2601
80,3518
29,1658
38,1893
22,1176
55,2383
65,2730
18,1013
75,3296
45,2100
21,1038
30,1676
20,1209
78,3496
26,1343
66,3021
44,2101
19,1181
39,1747
76,3362
69,3033
56,2510
29,1726
73,3338
21,1349
31,1760
53,2527
33,1596
47,2207
33,1597
37,1689
58,2785
48,2542
43,1926
45,2152
66,3164
48,2029
72,3387
37,1939
64,2704
37,1762
56,2499
63,2914
30,1866
64,2772
77,3224
65,2737
59,2700
74,3508
42,2078
66,2937
76,3259
63,2777
62,2579
45,2170
20,1209
63,2797
59,2498
78,3383
56,2506
28,1583
59,2609
63,2932
51,2424
28,1535
37,1731
74,3179
44,2208
73,3028
67,3011
35,1878
43,2192
28,1612
22,1239
44,2116
28,1623
26,1552
78,3156
31,1852
29,1601
80,3414
58,2686
58,2585
42,2279
19,1080
61,2846
35,1886
55,2615
31,1784
56,2705
35,1751
39,1881
61,2815
70,2960
43,2248
40,2002
18,1118
64,2932
19,1285
35,1795
33,1596
60,2657
60,2939
79,3405
58,2810
69,3012
32,1587
57,2562
78,3427
60,2775
64,2738
63,2596
54,2481
20,1311
37,1942
73,3319
79,3293
33,1818
78,3479
45,2179
77,3387
67,2942
60,2837
25,1521
58,2727
62,2823
54,2427
59,2831
65,2836
59,2765
45,2178
25,1569
39,2029
65,2868
26,1527
54,2463
55,2612
80,3481
69,3083
51,2296
24,1229
47,2313
36,1760
47,2190
65,2939
62,2661
50,2362
72,3065
71,3073
79,3590
39,1895
72,3199
62,2877
67,2757
43,2165
76,3381
53,2316
48,2277
43,2051
36,1867
72,3272
38,1827
69,3319
37,1946
26,1310
75,3322
65,2779
41,1932
61,2810
42,2020
71,3340
40,1992
21,1030
39,2063
58,2649
25,1223
62,2851
65,2845
68,3107
47,2201
35,1687
18,1381
49,2408
32,1388
54,2448
24,1422
48,2276
37,1972
22,1378
52,2509
19,1270
68,2939
51,2318
70,3149
66,2826
25,1245
29,1206
38,2075
31,1741
34,1824
80,3386
79,3306
78,3387
20,1200
68,2832
26,1419
51,2439
56,2605
24,1493
20,1173
71,3267
53,2328
26,1378
53,2315
75,3055
78,3209
62,2862
58,2741
62,2769
54,2545
56,2671
38,1892
19,1204
35,1984
53,2384
23,1265
35,1865
35,1534
80,3659
68,3037
64,2816
69,2912
62,2769
35,1890
28,1538
29,1563
79,3345
74,3170
26,1386
63,2993
42,2040
76,3407
63,2794
44,2169
40,1899
35,1758
63,2855
37,1967
37,1807
23,1452
33,1742
21,1217
77,3450
79,3406
77,3255
50,2304
52,2340
57,2716
18,1137
65,3080
60,2737
74,3222
20,1357
61,2761
75,3460
71,2981
21,1163
41,2001
61,2563
67,2962
48,2319
65,2815
77,3518
59,2791
77,3239
49,2600
47,2130
18,1136
43,2230
49,2100
75,3440
49,2359
34,1594
37,2002
52,2484
46,2100
26,1304
40,1965
25,1637
43,2014
20,1312
48,2310
25,1275
69,3126
66,3007
50,2345
70,3217
24,1445
40,1995
33,1861
45,2163
45,2136
23,1352
27,1536
35,1852
62,2880
30,1640
24,1287
29,1707
58,2661
26,1438
30,1569
57,2751
42,1998
58,2650
45,2020
59,2908
41,1904
44,2287
29,1860
65,2865
35,1837
29,1374
39,2095
18,1179
26,1452
41,1939
56,2473
31,1753
24,1377
25,1722
74,3278
63,2955
78,3313
64,2878
52,2517
30,1572
75,3312
76,3238
41,1986
76,3158
51,2342
19,1169
79,3656
54,2778
30,1536
61,2623
22,1315
42,1955
56,2650
28,1430
18,1181
47,2213
34,1792
63,2974
32,1706
20,1346
35,1789
68,3306
70,3248
59,2545
41,2187
74,3215
44,2113
21,1393
40,2184
29,1770
60,2724
67,2958
62,2699
73,3109
31,1661
35,1648
72,3215
32,1597
27,1544
29,1633
29,1354
64,2824
37,1969
43,2131
27,1507
76,3220
64,2848
69,3343
42,2209
66,3009
26,1635
27,1464
68,3046
24,1443
72,3193
48,2345
70,2978
27,1305
35,1878
70,2802
24,1460
27,1570
32,1778
59,2850
61,2881
70,3035
25,1625
36,1703
25,1578
23,1306
29,1494
29,1635
60,2646
36,1970
76,3216
34,1739
22,1367
80,3329
38,1684
68,2933
22,1089
64,3030
26,1296
38,1765
80,3503
39,2167
76,3137
49,2180
52,2368
55,2438
67,2978
62,2623
31,1660
53,2559
25,1258
72,3176
26,1578
72,3283
44,2223
21,1345
62,2722
19,1112
21,1224
22,1193
28,1326
23,1552
71,3172
29,1667
51,2356
44,2037
59,2660
27,1321
56,2481
18,1021
78,3328
71,2949
37,1781
28,1698
42,2072
31,1799
43,2085
53,2567
62,2737
59,2565
21,1229
30,1764
41,2086
19,1309
24,1158
66,2962
30,1721
35,1554
20,1272
20,1486
37,1639
36,1797
38,1892
80,3349
39,1934
24,1410
19,1112
55,2597
28,1309
74,3349
32,1705
59,2636
79,3564
56,2673
39,2046
36,1938
45,2094
61,2799
57,2725
54,2382
69,3089
37,1998
68,2960
47,2406
28,1289
40,2094
67,3128
80,3602
59,2727
80,3584
72,3004
57,2643
41,1919
38,1836
50,2459
61,3055
21,1280
70,3163
24,1491
43,2102
73,3325
47,2095
70,3217
64,3113
43,2118
39,1789
56,2529
48,2036
52,2197
58,2454
56,2651
69,2898
48,2327
19,1188
35,1884
27,1270
37,1810
44,2062
34,1966
75,3245
66,3001
78,3230
62,2876
45,2104
42,1985
75,3383
60,2797
60,2738
65,2897
18,940
27,1442
68,2991
51,2484
78,3437
46,2102
20,1447
44,2144
56,2475
78,3293
79,3559
19,1138
70,3070
59,2679
40,1813
51,2373
77,3148
29,1641
45,2259
62,2724
62,2899
72,3384
71,2976
57,2645
65,2986
24,1273
69,2975
44,2164
53,2517
48,2253
68,2973
70,3114
43,1827
32,1669
60,2823
68,2992
18,1119
18,1248
71,3160
56,2659
54,2499
80,3338
43,2114
54,2643
42,2066
75,3374
32,1765
50,2130
43,2042
34,1797
38,2084
45,2210
27,1414
76,3286
19,1266
47,2259
29,1736
37,1986
64,2887
67,3166
23,1320
58,2660
25,1302
24,1370
29,1311
41,2030
24,1530
22,1213
31,1573
38,1797
28,1758
29,1499
72,3476
40,1871
52,2037
34,1774
19,1070
66,3098
25,1480
26,1433
78,3350
30,1588
53,2352
69,2911
43,2091
30,1689
35,1822
68,2983
68,2979
45,2112
65,2824
24,1280
54,2637
70,3230
20,1239
44,2215
59,2645
43,2227
38,1967
33,1569
41,1924
18,1347
39,1751
38,1855
42,2099
31,1602
56,2586
60,2933
44,2032
70,3149
69,3189
35,1907
28,1434
33,1693
59,2608
18,1155
71,3157
52,2472
59,2345
71,3114
35,1692
23,1301
57,2520
80,3548
79,3452
78,3502
21,1325
38,1895
32,1766
75,3306
52,2440
73,3417
20,1478
22,1240
68,3006
28,1495
25,1583
66,3015
75,3124
25,1433
48,2384
38,1820
23,1295
23,1440
33,1711
31,1738
49,2596
31,1536
49,2378
55,2447
38,1872
47,2303
24,1398
41,1859
57,2635
30,1364
61,2883
59,2434
24,1393
75,3259
48,2172
34,1522
40,2071
50,2272
46,2360
59,2833
30,1456
56,2422
51,2322
59,2836
25,1708
35,1596
35,1644
63,2705
32,1753
35,1863
31,1606
56,2761
29,1530
48,2332
62,2713
22,1202
47,2475
48,2431
80,3633
61,2846
40,1954
49,2251
20,1171
36,1761
28,1550
24,1372
46,2117
52,2227
41,2087
37,1946
67,3051
71,3220
61,2669
27,1514
60,2712
19,1192
80,3502
23,1560
58,2608
58,2731
46,2216
29,1489
74,3087
78,3381
20,1203
71,3018
47,2273
40,2166
49,2341
61,2986
57,2677
49,2371
18,1197
70,3206
37,1635
71,3123
40,1993
50,2363
27,1491
27,1503
55,2522
20,1150
69,2973
43,2116
34,1718
29,1518
38,1957
67,3121
53,2388
37,1780
52,2469
71,3226
46,2099
61,2660
45,2309
47,1939
79,3497
26,1424
33,1634
57,2488
36,1995
26,1624
69,2965
71,3400
71,3143
56,2507
48,2344
25,1382
65,2876
51,2373
49,2502
58,2625
37,1959
69,2998
25,1585
74,3440
31,1899
50,2494
25,1240
29,1614
52,2274
46,2153
45,2398
27,1457
28,1493
30,1574
60,2502
41,1933
62,2716
70,3245
47,2049
55,2421
75,3172
76,3364
47,2181
18,1152
72,3180
75,3198
22,1444
59,2631
63,2873
68,2987
43,2239
48,2111
60,2663
50,2265
26,1376
55,2406
43,2365
64,3057
24,1327
38,1994
69,3067
24,1413
75,3439
77,3135
25,1425
46,2133
71,3273
24,1315
58,2685
34,1696
32,1797
70,3124
23,1265
60,2974
26,1426
44,2212
39,1915
76,3218
30,1544
48,2188
75,3359
22,1205
73,3444
68,3127
49,2148
39,2086
36,1832
63,2951
28,1563
54,2297
57,2495
21,1380
55,2663
34,1866
44,2028
66,3023
70,3174
60,2768
49,2573
75,3336
69,3361
78,3375
77,3094
78,3346
24,1078
59,2511
68,3083
19,1248
68,2940
73,3133
19,1327
67,3097
62,2895
46,2017
75,3334
45,2169
23,1369
65,2937
52,2551
18,1166
21,1467
29,1498
56,2576
36,1638
60,2938
34,1770
63,2772
76,3250
37,1877
36,1834
75,3212
50,2204
44,2056
35,2025
71,3130
65,2999
64,2916
80,3270
66,3056
49,2304
55,2612
23,1525
42,2147
42,2078
42,1854
21,1384
66,3114
56,2526
71,3147
55,2742
64,2801
45,2241
66,3164
42,2088
36,1893
47,2209
67,3051
42,2202
33,1961
69,3037
33,1696
54,2376
41,2016
59,2622
25,1327
71,3212
47,2580
20,1209
72,3055
55,2528
57,2734
46,2224
35,1598
32,1754
57,2621
59,2560
73,3138
53,2552
63,2846
19,1269
40,2108
33,1875
46,2423
31,1523
70,3185
45,2203
38,1829
80,3367
48,2265
19,1424
77,3153
24,1431
50,2345
68,2946
31,1502
60,2650
59,2922
77,3335
54,2486
52,2478
51,2324
60,2593
35,1602
76,3321
67,2982
38,1974
33,1868
44,2026
50,2174
48,2162
44,2225
26,1463
76,3173
26,1496
39,2102
44,2212
49,2329
75,3062
28,1515
53,2364
24,1626
45,2328
22,1476
76,3166
26,1310
63,2734
70,3043
57,2565
22,1257
46,2167
65,2887
48,2265
64,2944
77,3429
18,1082
59,2618
29,1454
78,3396
49,2151
75,3139
77,3280
38,1992
20,1233
64,2658
54,2474
40,2120
35,1819
28,1700
56,2652
60,2878
53,2463
19,1321
75,3315
18,1229
41,2217
54,2351
26,1442
25,1511
25,1286
34,1931
35,1866
40,1977
32,1639
50,2180
65,2928
63,2912
20,1381
68,3066
53,2539
20,1213
33,1550
78,3456
48,2367
64,2964
58,2705
72,3186
45,1904
31,1743
62,2651
55,2416
51,2434
37,1919
60,2762
43,1974
36,2029
74,3243
44,2114
60,2790
79,3560
62,2907
74,3287
49,2266
19,1015
74,3181
53,2455
38,1964
45,2304
35,1823
58,2619
44,2276
52,2273
78,3363
26,1581
64,2626
67,3065
67,3060
21,1188
30,1621
43,2100
69,2892
44,2106
78,3585
66,2976
43,2170
36,1855
67,3080
65,2957
59,2751
74,3405
22,1274
64,3026
71,3243
24,1413
30,1656
68,2836
19,1023
24,1279
48,2124
32,1655
48,2220
50,2550
49,2404
66,3045
32,1808
67,2839
54,2404
27,1576
24,1422
78,3386
27,1584
51,2299
32,1399
44,2032
27,1384
56,2733
62,2598
49,2262
59,2485
48,2363
64,3080
62,2983
18,1163
28,1684
25,1153
28,1421
26,1375
43,2362
36,1903
35,1692
41,2082
36,1871
57,2583
56,2378
77,3345
72,3188
63,2904
44,1909
80,3344
30,1510
39,1759
56,2436
53,2427
18,1159
70,3044
64,2737
43,2050
59,2780
27,1553
29,1730
69,2969
42,2079
55,2653
65,2874
48,2488
32,1699
69,3127
48,2248
75,3294
69,2975
38,1918
33,1628
42,1993
71,2993
74,3265
28,1556
63,2612
46,2237
61,2957
59,2855
41,2026
40,2002
53,2515
30,1682
65,2909
41,2153
37,2021
76,3487
56,2456
59,2823
62,2779
21,1290
73,3105
56,2457
48,2221
52,2500
19,1176
63,2896
26,1597
25,1238
21,1392
35,1803
57,2563
61,2729
63,3056
64,2828
78,3292
60,2819
70,3143
35,1545
35,1750
44,2124
71,3111
53,2367
54,2560
77,3460
23,1541
38,2026
67,3205
58,2793
64,2853
61,2849
30,1603
37,1790
29,1397
44,2206
74,3452
34,1749
49,2200
67,2872
58,2696
78,3332
52,2551
45,2230
68,2912
79,3491
68,2822
31,1454
20,1192
58,2786
55,2369
60,2841
62,2633
75,2946
39,2088
29,1555
47,2241
46,2127
54,2486
48,2275
41,1897
43,2274
74,3425
77,3226
67,2807
55,2216
77,3196
62,2807
80,3542
60,2892
80,3530
27,1422
28,1455
30,1591
23,1489
45,2174
61,2778
18,1084
48,2173
31,1622
71,3134
76,3492
66,2907
38,1930
64,2817
52,2149
65,2934
74,3251
41,1846
18,1167
76,3346
49,2366
45,1970
29,1539
42,1948
34,1727
28,1374
24,1517
61,2704
43,2170
38,1663
61,2607
79,3328
21,1267
58,2734
76,3206
48,2331
80,3498
80,3469
73,3263
39,1933
34,1841
64,2810
47,2377
49,2455
56,2570
39,1954
19,1260
40,1830
37,1775
40,1887
43,2264
24,1538
49,2289
80,3349
76,3350
64,2800
20,1050
27,1479
69,3009
80,3410
58,2565
19,1199
64,2950
71,3177
68,3001
37,1754
68,3077
41,2044
77,3346
67,2759
20,1342
61,2947
31,1356
26,1274
68,3005
32,1631
32,1618
63,2715
44,2074
42,1917
39,1843
46,2344
49,2245
61,2622
60,2786
58,2789
23,1563
41,2018
46,2307
57,2521
54,2654
19,1184
65,2919
76,3215
78,3442
31,1809
36,1952
67,3000
53,2462
44,2118
67,3114
74,3168
58,2469
43,1920
66,3010
46,2364
43,1906
39,1894
61,2718
59,2545
30,1526
26,1343
23,1337
78,3132
28,1411
23,1388
56,2538
53,2510
76,3156
73,3001
63,2810
36,2107
54,2503
56,2580
29,1545
25,1467
73,3227
47,2327
65,2766
73,3066
42,1814
34,1700
63,2780
52,2333
70,3064
43,2080
20,1204
50,2243
68,3165
34,1680
68,3138
44,2197
33,1741
24,1326
47,2184
33,1672
62,2830
62,2763
20,1293
36,2069
54,2454
78,3297
37,1733
36,1911
26,1400
42,2081
72,3095
55,2301
50,2442
43,2209
80,3558
72,3024
42,1990
28,1473
48,2332
78,3430
31,1610
67,3049
30,1443
76,3425
65,2919
51,2384
41,1930
24,1350
35,1668
65,3022
69,2790
33,1780
29,1513
33,1679
29,1338
53,2453
64,2935
75,3196
31,1470
55,2654
74,3203
58,2374
46,2289
52,2323
37,1758
73,3191
46,2231
69,3057
18,1000
35,1859
50,2320
59,2808
33,1644
50,2179
80,3497
18,1345
48,2337
66,2890
77,3313
61,2812
67,3008
37,1809
51,2328
77,3241
27,1563
43,2141
57,2559
51,2374
68,2993
32,1640
72,3114
37,1761
65,2840
54,2356
66,2982
44,2187
80,3437
70,3116
63,2929
19,1249
38,1897
69,2843
72,3336
28,1358
64,2985
78,3226
62,2785
33,1571
42,2322
39,1812
77,3162
74,3197
67,3022
73,3130
30,1491
38,1916
34,1811
62,2840
22,1294
65,3016
75,3274
31,1431
47,2293
80,3457
65,2933
59,2556
49,2353
21,1226
19,1331
79,3465
68,2989
39,1932
54,2253
25,1466
72,3103
47,2358
66,2831
70,2907
74,3245
39,1779
39,1972
65,2836
19,1159
57,2682
32,1790
72,3069
38,1829
30,1533
40,1968
54,2531
31,1795
52,2492
67,2838
22,1242
32,1717
28,1515
77,3356
19,1395
46,2435
19,1197
65,3107
46,2247
42,2141
80,3652
64,2940
31,1401
56,2744
44,2345
69,2914
50,2108
18,1020
79,3382
78,3554
78,3364
62,2629
42,2115
79,3307
38,2077
29,1662
27,1265
20,1332
73,3176
57,2696
29,1350
27,1533
29,1725
68,2787
37,1756
71,3043
68,3335
48,2492
76,3156
66,2822
28,1386
32,1945
25,1396
44,2063
26,1486
18,986
75,3188
52,2295
63,2572
71,3149
32,1731
27,1679
24,1368
57,2647
29,1543
63,2817
51,2524
35,1855
45,2268
65,2948
75,3221
68,3105
27,1557
33,1620
54,2589
30,1657
54,2659
47,2127
25,1373
50,2325
75,3156
73,3064
60,2881
66,3069
41,2172
52,2459
47,2292
63,2962
37,1726
78,3566
50,2444
74,3240
71,3144
30,1553
56,2494
51,2429
41,1971
51,2510
61,2606
57,2797
63,3049
57,2656
21,1310
36,1669
44,2072
26,1432
22,1127
37,1847
56,2604
44,1892
28,1567
78,3367
28,1449
30,1492
32,1679
75,3251
55,2558
46,2164
38,2174
37,1888
56,2493
37,1796
57,2745
80,3443
74,3431
42,2052
58,2518
74,3304
49,2327
24,1358
79,3344
73,3133
62,2765
58,2678
71,3111
34,1704
60,2791
23,1270
49,2111
55,2520
67,2905
56,2521
51,2356
20,1138
68,3108
24,1410
41,1985
56,2448
65,2721
46,2141
51,2139
69,3073
60,2731
29,1882
24,1228
19,1259
34,1688
40,1980
46,2164
62,2793
68,2802
73,3143
43,2108
29,1616
39,1775
69,3063
71,3286
23,1307
49,2318
30,1558
40,1816
41,2104
38,2034
37,1853
53,2287
29,1518
30,1548
76,3261
34,1632
40,2124
24,1382
74,3222
54,2485
32,1832
53,2692
19,1274
80,3608
46,2226
18,1348
72,3226
44,2258
30,1702
55,2390
75,3275
63,2778
69,2919
75,3280
52,2590
26,1547
62,2599
26,1687
50,2253
24,1326
64,2816
80,3590
47,2340
47,2121
45,2446
19,1083
21,1221
63,2734
22,1308
34,1753
63,2721
66,2983
31,1607
62,2742
54,2418
44,1899
61,2838
80,3432
40,1999
22,1198
64,2946
80,3467
29,1644
77,3453
23,1137
62,2764
44,1964
72,3309
40,1778
34,1814
43,1963
59,2622
66,2929
74,3357
21,1364
18,1134
18,1104
69,3004
72,3294
58,2695
31,1669
61,2715
54,2290
72,3191
27,1427
57,2312
79,3482
77,3302
40,1892
28,1481
56,2397
39,1982
53,2476
78,3152
39,2070
79,3452
43,2373
80,3478
76,3315
55,2279
60,2814
54,2374
43,2035
36,1661
30,1478
43,2226
19,1141
48,2235
68,3027
62,2935
30,1596
55,2453
29,1565
52,2738
42,2268
21,1247
45,2073
29,1514
20,1282
78,3425
38,1985
31,1551
20,1253
62,2731
75,3354
71,3206
42,2003
71,3217
56,2474
74,3218
63,2785
31,1623
76,3241
44,2074
71,3149
49,2511
62,2740
46,2112
22,1399
75,3350
52,2592
34,1750
62,2635
36,1827
66,3051
74,3422
72,3263
20,1354
32,1450
23,1382
33,1615
65,2711
20,1131
80,3514
38,2205
27,1666
76,3094
75,3188
27,1459
32,1760
60,2816
46,2209
51,2487
53,2491
61,2478
19,1260
77,3524
75,3301
42,2431
42,2118
32,1770
52,2261
76,3180
42,1912
46,2206
49,2246
58,2778
27,1609
32,1530
29,1548
34,1717
19,1155
20,1203
52,2492
26,1419
78,3506
47,2150
42,1976
60,2693
31,1600
54,2650
60,2665
47,2251
44,2069
43,2275
59,2808
79,3362
21,1164
74,3065
51,2533
19,1126
60,2944
61,2829
43,2131
27,1342
73,3208
49,2479
57,2515
20,1264
23,1643
73,3376
38,1878
65,2959
71,2927
38,1965
48,2356
37,1631
75,3306
25,1326
28,1447
62,2786
75,3426
78,3165
66,3165
48,2356
19,1327
41,1978
29,1724
49,2277
74,3390
41,2201
37,1961
25,1429
60,2576
36,1926
23,1523
49,2580
44,2118
34,1717
51,2440
38,1957
33,1713
45,2140
66,2883
39,2032
80,3507
54,2251
75,3162
62,2759
39,1774
68,2974
26,1454
53,2418
23,1396
23,1419
73,3306
69,3071
33,1530
27,1509
23,1416
18,1115
76,3377
58,2677
58,2660
24,1499
26,1457
23,1307
23,1454
32,1640
42,1876
48,2256
49,2360
36,1752
73,3314
18,1432
34,1530
80,3616
66,3047
38,1919
43,1995
56,2471
31,1718
65,3107
74,3238
66,3154
49,2294
57,2528
61,2738
18,1154
38,2013
41,1937
79,3401
71,3013
69,2908
66,2804
65,2718
20,1153
74,3370
72,3131
73,3148
27,1429
78,3595
38,2020
27,1661
68,3079
27,1548
24,1049
35,1970
43,2202
72,3182
49,2193
45,2186
80,3395
24,1264
48,2351
51,2401
44,2266
58,2489
61,2667
56,2524
64,2805
26,1628
22,1081
33,1623
32,1727
58,2696
68,2913
68,3077
26,1468
54,2502
55,2581
33,1580
19,1337
42,1989
23,1219
75,3331
35,1580
30,1597
27,1529
48,2141
38,1781
53,2427
38,1849
74,3298
59,2878
56,2546
65,2846
50,2398
45,2226
37,1990
19,1006
44,1864
76,3299
42,1946
66,3110
47,2187
47,2076
38,1932
73,3023
27,1465
53,2163
38,1830
71,3072
38,1790
74,3214
63,3053
22,1505
28,1540
66,2835
23,1352
49,2463
44,2038
27,1610
31,1761
76,3321
21,1172
21,1240
48,2334
32,1721
26,1400
66,2851
50,2262
60,2635
22,1057
31,1441
40,1892
41,2083
43,1885
76,3229
35,1665
28,1538
34,1675
34,1662
46,1947
59,2696
31,1860
69,3285
31,1452
65,2836
31,1671
41,1928
32,1780
34,1965
18,1254
39,2144
42,1960
43,2152
49,2194
68,3028
33,1933
18,1116
72,3109
18,1030
54,2526
41,2093
45,2100
35,1952
67,3205
27,1677
74,3257
25,1423
61,2817
77,3495
23,1259
74,3121
35,1490
22,1368
22,1197
20,1309
44,2351
75,3552
67,2964
64,2915
19,1307
30,1417
18,1177
54,2432
78,3412
63,2897
41,1839
70,3166
60,2712
52,2402
40,1839
41,1932
36,1722
74,3101
41,2046
34,1728
40,1873
52,2458
20,1393
80,3365
52,2420
72,3215
70,3127
43,1857
25,1409
51,2642
77,3472
65,2853
39,1877
71,3050
43,2149
32,1684
62,2865
58,2709
62,2815
18,1222
69,3209
22,1278
66,3015
52,2532
30,1932
25,1525
61,2751
78,3619
60,2668
37,1745
37,1737
48,2181
61,2897
38,1900
48,2227
52,2347
55,2465
80,3564
42,1749
75,3271
23,1308
63,2927
42,2059
80,3395
53,2513
31,1745
61,2915
67,2659
22,1177
62,2835
52,2530
55,2288
29,1558
28,1291
45,2307
71,2857
33,1783
69,3102
42,2177
39,1887
49,2119
62,2823
28,1522
78,3505
49,2259
19,1283
41,2107
48,1988
62,2939
34,1727
48,2418
76,3342
19,996
60,2604
52,2410
22,1298
55,2387
32,1617
65,3006
21,1416
51,2294
18,1236
38,1937
69,2945
48,2394
42,1963
72,3212
26,1503
66,2665
22,1316
66,2830
78,3370
21,1364
38,1989
60,2653
46,2282
65,2853
78,3449
59,2642
33,1693
67,2758
44,2369
75,3287
20,1107
47,2350
39,1762
38,1936
48,2171
73,3141
53,2423
60,2774
39,1681
39,1843
22,1291
35,1744
32,1836
76,3385
80,3545
51,2368
56,2487
67,3006
69,3029
61,2733
53,2515
55,2637
64,2828
31,1566
39,1810
49,2182
63,2655
52,2419
22,1509
70,2987
22,1515
77,3480
53,2440
54,2482
80,3615
56,2338
38,2010
41,2106
20,1228
53,2554
24,1370
31,1484
21,1086
57,2588
33,1570
54,2580
40,2021
53,2471
28,1572
31,1779
28,1520
80,3470
25,1572
32,1528
75,3317
24,1194
45,2063
42,2071
72,3101
46,2380
72,3078
52,2448
61,2792
51,2561
50,2412
56,2703
22,1276
42,1867
31,1496
33,1800
42,1935
19,1107
59,2586
69,2754
41,1851
64,2732
45,2192
41,2014
28,1673
59,2548
30,1679
41,2057
63,2873
62,2794
51,2344
36,1614
73,3208
37,2076
73,3449
59,2741
73,3220
53,2330
28,1608
30,1717
67,3084
29,1597
53,2446
27,1551
68,3243
67,3054
50,2482
26,1239
72,3320
71,3162
47,2330
25,1477
56,2654
42,1998
51,2352
43,2071
74,3370
78,3417
54,2498
66,3126
28,1395
69,3330
41,2070
75,3161
41,1690
66,2625
58,2560
55,2535
59,2618
27,1548
46,2042
63,2941
47,2473
33,1752
77,3169
40,1868
59,2738
36,1660
48,2578
72,3077
30,1427
18,1175
63,2951
50,2143
19,1126
57,2501
36,1886
55,2308
49,2158
60,2709
54,2638
27,1467
60,2709
58,2768
76,3151
35,1953
37,2108
44,2017
70,3036
54,2669
18,1174
20,1046
22,1494
28,1489
23,1392
39,2060
72,3306
54,2597
70,3027
38,1839
71,3030
35,1809
33,1926
48,2456
37,1846
43,1846
69,3104
27,1572
32,1684
75,3464
52,2304
43,2014
23,1206
78,3428
38,1950
43,2135
48,2263
41,2039
74,3245
43,1989
72,3173
69,3176
38,1980
24,1465
18,955
75,3532
69,3112
21,1462
26,1567
61,2805
40,2072
28,1508
20,1249
20,1291
30,1676
70,3101
55,2633
22,1298
22,1403
28,1501
24,1411
36,2020
60,2495
46,2030
36,1876
44,2135
72,3079
33,1678
20,1010
25,1660
26,1672
67,2903
33,1631
25,1403
60,2609
77,3428
59,2856
30,1777
71,3126
29,1498
79,3382
38,1967
65,2877
38,1906
73,3302
68,3015
23,1495
27,1691
50,2466
76,3403
20,1181
63,2699
39,1533
70,3099
27,1402
65,2891
43,2149
57,2624
67,2991
47,2212
36,1837
20,1429
55,2565
48,2212
47,2200
32,1708
32,1637
59,2711
60,2719
34,1810
32,1648
43,2491
22,1302
70,3141
19,1338
68,3037
67,3094
55,2423
36,1884
77,3333
39,1819
18,1258
59,2484
24,1387
34,1699
34,1890
31,1586
66,2926
52,2358
22,1330
72,3205
22,1337
78,3470
66,3051
67,2909
50,2229
35,1743
23,1219
30,1610
19,1165
80,3530
22,1189
51,2312
48,2277
40,2173
68,3087
50,2280
28,1394
67,2939
80,3462
60,2729
53,2395
59,2820
20,1391
40,1805
41,1921
71,2977
47,2386
56,2586
55,2295
53,2409
57,2626
58,2577
70,3242
24,1298
79,3421
70,3186
39,2011
80,3580
37,1791
19,1192
63,3001
51,2459
41,2264
67,3115
29,1463
23,1317
71,3130
76,3337
53,2491
52,2247
37,1657
77,3614
44,1997
65,3170
78,3426
75,3132
41,2143
28,1422
68,2915
29,1472
73,3298
48,2222
28,1577
61,2896
18,1240
54,2511
30,1621
45,2059
30,1590
26,1326
76,3297
57,2656
44,1971
18,1145
30,1577
54,2358
25,1425
63,3135
65,3172
43,2139
79,3674
31,1694
18,1079
46,2164
68,2849
80,3374
61,2657
72,3195
40,1869
78,3277
78,3570
18,1250
68,3070
47,2278
25,1463
35,1822
48,2194
55,2486
32,1627
35,1864
35,1837
75,3322
59,2711
78,3304
27,1454
51,2548
73,3235
65,3054
79,3426
36,1839
79,3322
57,2721
76,3091
51,2778
38,1917
44,2256
30,1586
64,2867
69,3113
43,2195
54,2604
48,2366
38,1752
48,2189
49,2512
19,1285
75,3072
20,1058
65,2789
80,3434
32,1702
24,1696
55,2695
59,2566
31,1879
57,2694
68,3013
78,3471
62,2890
66,3044
71,3270
68,2938
23,1369
54,2326
40,1981
53,2562
24,1367
60,2811
28,1732
29,1628
26,1636
46,2339
25,1409
41,2102
37,1803
62,3023
48,2355
20,1186
75,3411
28,1656
24,1340
28,1342
53,2402
75,3311
76,3252
46,2433
52,2447
46,2082
68,2955
56,2550
67,3003
36,1668
77,3120
68,3099
32,1592
72,2916
76,3286
70,2851
52,2443
33,1668
56,2690
52,2355
52,2406
53,2565
45,2240
26,1477
58,2804
46,2152
52,2441
47,2201
72,3337
18,1179
62,2914
19,1339
65,2838
23,1248
69,3107
52,2529
58,2574
64,2727
42,2084
50,2352
34,1537
27,1391
48,2088
67,3101
66,2806
20,1061
50,2503
56,2417
74,3125
39,1900
35,1683
54,2288
69,3080
38,2067
37,1885
42,1964
20,1350
31,1485
57,2513
68,3017
67,3085
77,3445
21,1463
25,1424
51,2157
51,2380
64,2991
29,1443
74,3193
42,2091
59,2652
27,1566
43,2058
28,1452
60,2640
28,1779
66,2876
64,2805
24,1420
23,1495
42,2241
42,2272
41,2077
20,1293
64,2811
61,2836
73,3252
23,1299
68,2968
54,2464
76,3319
64,2882
62,2855
80,3430
26,1535
21,1220
36,1929
72,3217
31,1667
40,1766
55,2488
43,2124
69,3265
56,2425
74,3158
56,2573
23,1388
31,1499
32,1430
20,1333
76,3318
49,2271
42,2306
72,3012
73,3337
76,3406
69,3303
67,2828
71,3235
33,1669
58,2637
36,1770
79,3340
18,1140
43,2135
26,1514
56,2769
51,2286
24,1408
43,2016
19,1208
44,2214
28,1503
50,2365
35,1640
23,1544
65,2887
51,2512
20,1190
67,2985
77,3199
68,2924
24,1560
67,3043
78,3603
51,2349
43,2142
73,3134
61,2693
65,3107
67,3146
40,1716
53,2262
49,2197
66,3047
57,2400
34,1942
25,1586
18,1247
67,2914
48,2332
65,2942
20,1111
57,2700
60,2659
19,1318
41,2005
22,1296
29,1563
46,2189
28,1404
54,2416
67,3021
73,3177
53,2468
65,2864
80,3517
51,2204
41,1935
54,2401
24,1414
74,3103
80,3524
74,3325
67,2992
67,3212
43,2216
21,1227
53,2343
25,1294
75,2979
65,2710
64,2706
38,1820
41,2106
51,2577
66,3085
36,1891
79,3340
80,3380
57,2761
69,3094
55,2450
27,1483
68,2898
40,2124
71,2933
69,2979
61,2763
69,2931
80,3495
71,3104
52,2224
67,2796
58,2680
71,3093
32,1463
50,2230
74,3403
25,1431
50,2537
30,1571
80,3534
78,3111
57,2707
58,2721
38,1664
29,1508
73,3084
44,2238
41,1978
19,1151
56,2672
63,2862
64,2973
60,2878
19,1312
73,3100
48,2319
80,3388
56,2620
19,1042
52,2617
30,1634
77,3568
40,2027
40,1939
47,2355
18,1380
76,3495
56,2406
32,1691
50,2340
47,2112
40,2041
46,2067
36,1678
64,2890
38,2100
36,1969
24,1354
21,1334
34,1700
52,2583
47,2146
50,2438
18,1120
74,3299
52,2483
30,1788
44,1912
65,2921
61,2769
45,2172
70,3185
72,3031
38,1821
54,2586
19,1161
52,2336
61,2791
48,2193
78,3501
51,2438
68,3048
42,2169
71,3164
40,2077
43,2034
18,1083
46,2185
43,2077
51,2490
22,1329
54,2341
56,2538
52,2414
45,2052
68,3147
28,1749
72,3338
56,2585
71,3258
56,2572
80,3589
74,3306
57,2514
59,2530
58,2519
69,3141
59,2587
29,1377
46,2257
67,2990
77,3331
67,2775
64,2982
49,2194
52,2257
76,3158
72,3281
38,1952
65,2714
38,2011
59,2528
33,1664
74,3489
41,1948
64,2822
54,2355
28,1351
67,3034
35,1978
43,1973
26,1531
36,1837
78,3150
54,2515
71,3170
30,1718
54,2474
28,1457
76,3137
39,2031
29,1545
28,1550
78,3470
32,1547
61,2785
78,3255
43,2258
59,2671
42,2018
19,1207
67,3027
32,1553
57,2497
50,2417
71,2878
48,2348
71,3040
35,1865
41,1942
38,2053
70,3230
64,2704
31,1572
72,3195
69,3146
20,990
78,3363
59,2666
67,3059
40,1815
51,2415
55,2409
56,2636
48,2032
33,1652
72,3093
74,3122
69,3061
44,1999
67,2872
66,2800
37,1911
63,2739
65,2894
58,2496
79,3537
68,2941
29,1526
57,2660
69,3155
19,1345
74,3408
37,1891
59,2738
33,1895
74,3250
38,1964
18,987
51,2244
53,2422
36,1942
51,2298
57,2597
49,2301
77,3151
58,2630
36,1898
18,1304
65,2993
36,2037
51,2468
63,2885
65,3029
26,1596
71,3049
57,2421
18,1107
44,2233
63,2758
52,2200
51,2336
29,1640
48,2266
80,3341
48,2411
54,2479
57,2716
72,3061
75,3281
24,1232
29,1668
59,2819
61,2560
63,2916
59,2732
71,3105
29,1796
76,3305
74,3420
45,2121
55,2445
53,2472
28,1418
79,3245
75,3218
78,3226
49,2219
65,2917
69,3056
19,1194
34,1878
49,2294
29,1528
72,3103
29,1455
28,1542
75,3282
76,3420
49,2354
26,1345
76,3406
19,1204
24,1230
64,2922
53,2674
20,1056
56,2542
47,2102
54,2436
62,2768
41,1950
33,1631
21,1348
68,3017
30,1948
33,1692
70,3125
38,2137
71,3187
73,3278
73,3248
59,2706
64,2868
60,2613
48,2406
50,2184
30,1564
48,2172
49,2569
27,1390
64,2930
25,1482
79,3277
60,2898
67,3057
25,1557
76,3473
64,3075
39,2040
66,2943
77,3334
20,1306
42,1882
60,2590
60,2733
24,1439
29,1518
68,2914
51,2263
18,1108
26,1409
26,1614
30,1542
79,3296
68,3002
59,3081
63,2742
26,1389
70,3370
80,3555
30,1511
38,1805
66,2953
19,1379
65,2989
48,2236
41,1900
53,2593
56,2462
64,2838
73,3096
26,1414
59,2715
38,2035
70,3049
18,1115
36,2125
19,1302
43,2058
67,2902
75,3215
41,1949
40,1830
29,1573
71,3259
34,1907
20,1256
69,3113
31,1921
68,3036
46,2216
23,1224
20,1108
69,2989
24,1618
64,2729
21,1327
20,1369
21,1296
23,1363
36,1664
35,1840
43,2027
19,889
40,1847
40,1936
56,2767
25,1360
60,2733
56,2643
76,3350
71,3006
70,2949
22,1380
62,2861
21,1257
45,2416
58,2650
68,2781
49,2390
34,1756
34,1639
78,3442
54,2554
58,2555
38,2106
22,1400
34,1639
69,2978
56,2640
43,2009
49,2245
30,1472
25,1368
53,2534
76,3447
31,1785
49,2298
32,1690
45,2147
79,3307
36,1938
57,2761
63,2824
74,3393
60,2773
21,1336
52,2479
44,2285
60,2645
60,2816
77,3297
80,3467
61,2681
50,2442
67,3080
75,3523
79,3594
50,2463
77,3456
70,3157
77,3339
52,2436
46,2232
51,2511
54,2520
41,2171
29,1853
52,2131
48,2327
29,1522
23,1198
66,3039
28,1397
70,3122
56,2472
50,2315
43,2217
77,3314
21,1112
32,1679
68,2785
25,1591
75,3277
49,2463
62,2815
64,2999
77,3393
69,2984
29,1754
56,2558
36,1781
52,2405
57,2594
50,2518
18,1044
42,2289
40,1985
58,2491
26,1931
79,3437
52,2371
32,1771
26,1446
27,1499
46,2312
19,1311
37,2143
25,1430
64,2762
56,2631
70,3076
24,1186
44,2097
80,3634
38,2014
39,1917
76,3501
35,1704
34,1959
38,1984
62,2980
54,2587
48,2187
76,3353
51,2374
52,2303
20,1367
64,2535
71,3234
23,1220
72,3167
71,3199
43,2201
52,2342
57,2610
80,3419
53,2600
42,2006
73,3060
34,1766
21,1087
64,2919
72,3061
41,2198
74,3177
22,1185
64,3008
52,2339
43,2007
44,2112
24,1379
41,1929
18,921
59,2727
37,1751
29,1834
42,2038
75,3188
45,2033
38,1900
18,1235
38,1803
66,2793
19,1229
37,1954
30,1639
19,1210
68,3067
74,3351
58,2453
62,2941
58,2508
32,1731
77,3406
29,1716
29,1583
45,2133
60,2601
66,3108
19,1316
63,2849
76,3284
79,3481
58,2799
66,2890
24,1242
43,1946
53,2633
29,1666
40,2014
18,1159
26,1451
34,1714
45,2132
76,3377
34,1771
48,2117
62,2701
66,2811
40,1962
41,2038
29,1704
53,2472
38,1866
66,2939
20,1144
37,1845
47,2347
30,1672
26,1485
63,2826
52,2414
80,3593
64,2934
46,2158
31,1593
59,2736
28,1749
53,2408
70,2819
63,2489
69,2999
42,2069
34,1640
20,1405
80,3420
50,2342
75,3394
74,3418
76,3327
65,3137
73,3040
36,1958
45,2247
34,1662
41,1841
70,3147
74,3395
56,2460
68,3146
61,2851
64,2874
56,2333
79,3348
73,3100
57,2495
55,2557
74,3217
21,1461
48,2360
48,2412
61,2586
20,1290
56,2702
63,2809
75,3074
32,1748
33,1774
27,1525
60,2849
76,3384
54,2597
73,3333
54,2529
27,1599
18,1265
18,1043
42,1946
20,1188
58,2728
76,3233
42,1819
70,2959
68,3258
64,2675
77,3356
78,3120
21,1263
68,3072
59,2588
44,2073
71,3214
18,1197
19,1205
76,3160
70,2998
65,2791
22,1460
20,1392
60,2701
22,1101
76,3426
63,2973
78,3344
69,2985
43,2196
55,2392
20,1376
67,3023
44,2092
27,1473
54,2561
56,2721
32,1560
51,2336
48,2220
59,2574
41,2120
45,1952
22,1416
19,1212
19,1231
74,3339
47,2192
54,2588
42,2399
53,2466
80,3422
26,1471
41,1947
79,3176
36,1784
26,1354
29,1642
61,2707
27,1350
55,2640
35,1936
78,3241
22,1371
74,3246
64,2858
26,1222
61,2570
71,2853
50,2487
27,1666
49,2295
19,1244
58,2791
75,3247
21,1313
26,1588
29,1696
57,2577
68,3195
49,2442
70,3163
34,1764
26,1474
78,3425
68,3102
22,1144
53,2463
21,1043
80,3655
47,2285
70,3046
45,2361
65,3067
73,3278
54,2729
47,1989
38,2011
48,2216
59,2418
68,2972
62,2864
27,1419
44,2018
73,3164
56,2762
67,3108
23,1360
50,2397
30,1640
23,1378
67,2965
20,1276
60,2741
29,1790
31,1653
64,2861
66,2945
73,3158
21,1254
52,2419
46,1994
63,2839
77,3394
37,1856
32,1849
76,3380
43,2042
39,1776
46,2189
43,1966
40,2242
28,1623
70,3447
77,3366
24,1180
37,1821
56,2598
78,3602
67,2872
56,2592
39,1921
46,2301
62,2645
43,2024
32,1844
35,1883
29,1579
60,2498
38,1974
40,2038
28,1540
62,2837
25,1540
77,3509
79,3392
55,2403
57,2446
20,1204
66,2997
26,1321
77,3342
61,2924
32,1736
21,992
79,3445
37,1955
62,2835
35,1956
74,3440
57,2616
22,1229
57,2659
59,2550
75,3060
40,1984
41,1961
20,1395
21,1117
78,3308
43,2210
76,3382
52,2271
34,1657
33,1710
62,2772
79,3495
72,2999
79,3436
19,800
42,2105
39,1979
58,2820
49,2160
34,1570
36,1585
29,1486
60,2708
27,1536
39,2004
65,2830
59,2633
61,2768
58,2561
76,3309
18,1357
23,1195
68,3231
36,1804
80,3414
66,2885
68,2994
72,3214
28,1434
45,2020
32,1686
60,2754
18,1203
41,2084
34,1613
19,1275
76,3441
40,1991
66,2997
45,2215
59,2671
28,1768
51,2304
76,3456
41,1900
67,2748
52,2263
23,1421
54,2465
48,2193
42,2179
21,1290
76,3113
69,3117
22,1221
78,3581
48,2294
35,1927
73,3440
50,2309
48,2492
53,2403
26,1523
32,1910
21,1243
49,2302
64,2867
51,2471
80,3436
56,2542
61,2587
18,1004
80,3730
62,2934
26,1364
72,3149
24,1348
20,1243
50,2216
21,1149
18,1214
40,1899
77,3278
40,1840
57,2699
22,1253
56,2464
70,3085
48,2400
20,1276
65,2912
78,3379
71,3096
35,1583
28,1740
73,3359
49,2642
43,2003
71,3283
43,2094
75,3306
43,2131
50,2299
21,1234
66,2916
20,1100
80,3385
67,3014
44,2071
56,2411
26,1410
45,2209
36,1831
68,3120
71,3214
53,2450
27,1243
50,2460
52,2513
56,2544
65,2807
58,2570
70,3036
54,2489
30,1654
74,3473
36,1871
29,1544
41,2038
34,1795
20,1244
23,1284
60,2608
41,2014
73,3180
76,3265
49,2142
55,2517
35,1886
76,3420
41,1988
54,2590
43,2068
67,3116
22,1443
26,1313
41,1910
18,1279
77,3458
50,2206
66,3044
68,2978
43,1916
25,1429
47,2229
33,1686
25,1279
77,3422
60,2698
55,2592
28,1553
37,1933
31,1739
54,2411
47,2440
61,2810
59,2758
78,3302
28,1709
41,1927
76,3303
28,1621
60,2872
45,2107
47,2349
59,2625
25,1337
28,1594
61,2437
68,3007
27,1303
46,1984
61,2825
47,2167
21,1384
66,2870
27,1569
22,1615
38,1845
20,1511
48,2305
26,1571
47,2342
25,1301
32,1673
25,1443
43,1997
23,1424
20,1309
57,2565
51,2425
64,2670
54,2557
68,3156
41,1998
75,3248
76,3412
58,2687
32,1721
51,2442
36,1664
62,2809
32,1697
32,1818
40,1952
23,1301
47,2353
56,2709
66,3018
72,3373
18,1246
24,1485
70,3094
79,3303
79,3610
72,3203
58,2605
34,1751
43,2025
66,3062
80,3466
62,2808
28,1487
58,2448
34,1753
60,2659
63,2907
58,2675
79,3585
29,1517
39,1825
75,3357
58,2564
69,3177
25,1407
61,2744
70,2887
38,1714
37,1820
38,2085
22,1157
43,1982
36,1846
71,3073
42,2020
68,2922
34,1797
77,3455
23,1322
22,1342
61,2599
19,1142
54,2417
31,1530
49,2381
48,2306
19,1021
28,1633
73,3292
64,2932
22,1276
66,3023
57,2451
59,2830
79,3452
28,1659
32,1468
67,2775
42,2159
79,3267
51,2254
52,2437
58,2687
61,2867
62,2932
23,1266
37,2079
61,2672
39,2100
20,1043
40,1991
49,2302
36,1708
76,3502
21,890
53,2410
52,2325
43,1914
46,2238
23,1399
74,3174
20,1144
19,1106
62,2859
55,2627
54,2559
47,2357
58,2566
54,2515
31,1444
47,2281
40,1732
47,2282
37,2049
38,2008
57,2646
66,2803
77,3244
33,1631
34,1816
36,1800
34,1780
37,1775
77,3353
56,2516
72,2990
36,1984
74,3397
66,2884
53,2497
55,2378
56,2556
31,1638
52,2507
55,2527
33,1947
75,3191
21,1354
48,2188
37,1814
30,1563
44,1961
55,2577
20,1434
35,1869
42,2081
57,2805
19,1184
40,2026
31,1555
72,3063
63,2876
55,2457
48,2245
45,2191
54,2610
34,1663
30,1518
42,2241
77,3257
74,3403
30,1650
60,2811
33,1512
29,1624
24,1426
46,2117
65,2937
43,2009
19,1284
78,3359
75,3427
42,2141
27,1465
59,2574
74,3053
30,1606
71,3229
52,2465
78,3542
53,2438
43,1924
39,1945
66,3012
51,2378
32,2049
39,2105
31,1860
19,1198
47,2224
25,1329
47,2307
46,2244
48,2207
70,3237
21,1136
31,1916
29,1568
53,2496
28,1578
63,2844
20,1171
22,1326
69,3146
67,2649
28,1517
26,1600
21,1388
44,2125
74,3221
79,3646
59,2569
70,3245
68,3083
29,1618
41,2033
73,3229
61,2845
50,2408
27,1675
79,3376
42,1894
63,2633
65,2909
33,1610
67,2991
24,1596
21,1038
50,2251
80,3370
76,3400
76,3358
47,2283
49,2497
58,2609
40,2231
57,2487
56,2709
66,3144
29,1336
42,2054
53,2539
41,2056
25,1305
38,1899
74,3304
30,1607
18,1208
30,1603
46,2233
37,1729
50,2457
18,1358
28,1281
61,2590
40,2008
38,1815
49,2254
29,1465
31,1812
65,2924
29,1422
38,1950
40,2107
23,1316
23,1163
19,1104
77,3156
25,1670
79,3384
20,1144
66,2848
32,1533
64,2821
29,1560
60,2758
45,2079
34,1873
60,2827
31,1663
52,2510
35,1870
32,1739
70,3140
27,1623
68,3015
50,2431
63,2927
45,2036
43,2277
66,2820
34,1879
37,1869
71,3199
68,2867
50,2300
58,2651
38,1928
79,3288
78,3386
67,2903
64,2799
29,1732
77,3444
22,1530
62,2734
57,2650
80,3433
78,3487
67,3023
23,1241
27,1437
57,2516
54,2583
28,1579
65,3028
74,3107
65,2956
18,1003
30,1521
30,1660
24,1117
38,1896
74,3251
63,2570
62,2595
69,2990
54,2579
46,2149
28,1539
77,3378
72,3264
74,3189
42,2133
31,1438
75,3183
58,2476
52,2424
67,2849
24,1198
79,3508
22,1201
68,3203
63,2928
52,2416
32,1751
65,2980
51,2349
66,2913
43,2054
42,2305
66,2863
55,2385
77,3457
59,2684
22,1199
46,2229
76,3420
80,3352
52,2315
37,1695
65,3011
70,3062
42,2216
43,2103
57,2552
24,1162
37,1771
75,3254
32,1627
58,2656
65,3027
73,3088
58,2660
44,2285
37,1608
57,2771
18,1058
37,1765
53,2333
54,2467
79,3468
69,3008
44,2092
47,2145
31,1505
69,3188
36,1749
34,1946
56,2427
69,3216
79,3539
20,1386
47,1992
53,2573
71,3110
71,2930
67,2784
52,2471
60,2682
37,1764
33,1711
34,1755
24,1275
73,3321
79,3318
18,1235
61,2622
61,2622
73,3149
31,1982
40,2115
34,1789
46,2189
75,3260
54,2518
76,3408
25,1496
74,3348
25,1458
41,2059
32,1629
78,3406
56,2538
35,1899
53,2417
76,3259
20,1279
26,1672
57,2694
26,1299
29,1708
25,1366
31,1620
36,1983
49,2463
37,1816
38,1935
45,2313
70,3016
38,2092
80,3341
40,2085
71,3073
18,1093
60,2905
73,3144
48,2313
27,1387
28,1516
59,2686
40,1950
38,1968
55,2587
71,3087
38,2098
50,2229
23,1494
76,3486
21,1138
34,1704
48,2139
31,1756
46,2195
72,3236
68,3067
55,2599
54,2489
72,3180
39,1738
19,1350
31,1758
22,1321
59,2573
29,1725
48,2384
69,3099
68,2800
30,1780
45,2076
38,1697
37,1948
31,1641
48,2293
21,1041
24,1320
30,1738
49,2050
65,2992
69,3201
37,1950
26,1352
74,3284
34,1742
57,2503
19,1282
52,2358
32,1561
32,1655
39,1878
52,2361
36,1858
36,1818
50,2325
66,2965
57,2525
46,2393
41,2075
39,1840
66,3071
65,2695
29,1353
55,2390
60,2752
71,3305
51,2302
76,3365
47,2074
55,2652
34,1776
68,3191
45,2265
51,2399
24,1348
58,2333
39,1996
25,1350
57,2589
52,2678
39,2039
19,1134
76,3348
54,2555
24,1253
41,1848
45,2124
32,1632
58,2618
50,2482
64,2867
67,2949
26,1568
65,2686
68,3140
79,3470
54,2491
59,2645
33,1814
21,1228
52,2474
63,2780
21,1258
63,2710
75,3218
68,3053
66,3081
23,1229
64,2758
31,1699
21,1207
52,2551
66,2878
41,1987
60,2603
73,3083
55,2591
40,2042
42,1906
61,2693
71,3136
49,2531
28,1419
67,2885
39,1929
51,2481
34,1680
44,2341
57,2604
78,3526
39,1999
76,3400
20,1266
20,1036
18,1404
18,971
31,1791
50,2345
34,1656
51,2398
38,1979
54,2545
44,2119
66,2907
56,2531
18,1225
52,2408
57,2622
73,3377
25,1430
71,3042
75,3360
25,1540
19,1102
53,2495
68,2826
71,3139
67,3000
78,3173
51,2332
31,1524
65,2734
64,2699
66,3088
34,1705
56,2876
78,3399
70,2990
19,1356
26,1503
80,3437
59,2728
32,1641
64,2762
26,1481
22,1225
49,2368
35,1851
35,1827
71,3244
57,2501
24,1420
27,1412
47,2199
53,2456
80,3641
44,2222
23,1359
68,2958
34,1733
61,2573
24,1291
20,1079
45,1975
21,1364
43,2004
21,1303
20,1079
68,3176
44,2216
41,2226
55,2367
48,2394
24,1481
79,3502
19,1220
47,2243
20,1292
23,1107
42,2049
48,2243
49,2486
69,3023
77,3331
44,2210
25,1303
79,3563
47,2245
21,1291
32,1660
68,3047
41,1876
18,1265
76,3316
27,1530
60,2638
37,1782
71,3189
57,2458
44,2060
24,1529
44,1864
70,2916
80,3480
78,3324
55,2637
20,1430
60,2962
52,2492
28,1460
43,2087
64,2751
44,1942
68,3077
61,2792
42,2058
50,2298
34,1756
46,2131
23,1371
20,1135
54,2275
20,976
64,2948
67,3035
43,2076
26,1478
80,3261
50,2203
78,3553
32,1559
38,1980
63,2864
28,1505
61,2782
18,1084
74,3281
21,958
42,2002
63,2818
55,2786
51,2403
54,2501
25,1586
55,2556
42,2047
27,1548
49,2106
71,3005
67,2857
63,2741
52,2382
52,2441
78,3443
45,2158
33,2022
56,2647
50,2387
45,2368
71,2937
77,3541
38,1698
59,2673
50,2137
69,3234
30,1649
60,2487
38,1891
44,1990
78,3283
36,1796
73,3050
63,3102
26,1341
19,1182
52,2404
27,1471
50,2485
36,1850
75,3436
40,2108
34,1844
47,2415
58,2621
28,1543
47,2144
28,1653
53,2425
39,2132
44,2098
68,2962
54,2326
75,3396
21,1346
21,1113
21,1030
51,2589
23,1348
29,1750
54,2582
45,2400
19,1193
52,2522
65,2906
32,1689
64,2869
37,2029
74,3319
27,1477
32,1663
70,3115
23,1529
49,2342
80,3436
49,2309
40,1866
49,2308
28,1538
65,2954
60,2691
18,1246
63,2903
77,3267
27,1488
22,1288
46,2152
52,2519
35,1773
47,2201
55,2610
18,1471
24,1362
54,2452
27,1404
35,1768
37,1938
66,3038
25,1305
58,2643
65,2952
34,1817
80,3401
69,3132
67,2862
57,2657
53,2624
33,1518
32,1588
55,2452
73,3262
22,1291
69,3209
43,2199
19,1345
24,1394
28,1483
30,1590
69,3055
19,1001
37,1982
45,2539
49,2259
59,2636
21,1475
62,2616
53,2408
76,3343
69,3231
31,1819
70,3285
62,2909
70,3005
44,2127
74,3150
77,3580
40,1902
66,2939
34,1604
72,3139
51,2269
18,1268
79,3449
51,2553
48,2231
61,2697
65,3167
47,2353
32,1823
24,1240
50,2162
80,3509
30,1687
55,2449
48,2380
30,1685
20,1107
73,3409
29,1496
61,2665
68,3132
50,2503
34,1729
69,3073
43,2108
70,2878
68,3005
66,2842
47,2140
19,1049
61,2598
62,2575
80,3427
65,2945
23,1335
71,3079
27,1664
77,3467
20,1264
59,2676
68,3150
62,2864
52,2367
36,1797
22,1522
76,3086
69,3084
38,1970
24,1541
48,2284
63,2731
36,1876
32,1783
73,3135
23,1231
70,3107
76,3303
27,1560
55,2586
25,1429
39,1960
73,2960
22,1359
39,1995
55,2379
50,2182
27,1655
20,1274
47,2216
19,1256
45,2214
41,1941
47,2383
22,1465
31,1363
25,1483
66,2833
59,2593
64,3100
38,1931
19,1268
36,1873
50,2331
60,2931
54,2485
66,2781
80,3236
53,2418
20,1103
26,1254
42,2119
78,3528
31,1658
53,2436
44,2063
26,1256
64,2729
21,1201
19,1123
77,3242
61,2948
39,1957
34,1849
61,2826
67,3052
44,2217
38,1790
78,3583
30,1602
44,2115
50,2231
63,2826
45,2107
73,3358
51,2498
48,2103
71,3095
29,1701
78,3274
24,1434
71,3255
45,2283
24,1535
36,2003
41,1988
53,2308
20,1396
71,2989
31,1690
29,1708
44,2140
68,3124
80,3483
43,2183
21,1433
22,1427
66,3013
23,1407
74,3303
61,3111
55,2621
71,3123
35,1822
25,1364
54,2318
80,3270
52,2232
65,3052
34,1966
57,2648
53,2404
32,1699
47,2340
49,2456
28,1578
42,1934
37,1844
45,2303
63,2706
39,1871
28,1493
80,3247
57,2531
19,1354
72,3122
18,1008
41,2068
19,986
60,2798
79,3456
20,1271
75,3352
37,1873
20,1055
76,3360
75,3498
33,1934
28,1720
27,1564
69,3161
21,1464
32,1680
68,3094
32,1625
70,2969
62,2734
66,2972
28,1540
76,3107
18,1242
54,2409
59,2827
79,3424
23,1150
46,2203
43,2220
56,2685
25,1657
43,1877
37,1847
22,1274
56,2562
23,1455
39,1977
55,2344
22,1396
41,1850
78,3536
48,2186
50,2257
42,2266
62,2558
25,1441
19,874
60,2629
35,1913
21,1216
22,1335
39,1872
35,1824
24,1487
33,1824
72,3297
47,2231
56,2553
65,3040
80,3209
63,2778
61,2921
68,3123
77,3339
52,2564
49,2368
30,1635
66,2751
53,2590
73,3311
39,1800
36,1827
74,3148
68,3008
51,2372
28,1524
45,2067
43,2173
50,2156
60,2781
37,1900
58,2641
23,1286
53,2554
40,2271
29,1622
77,3405
74,3221
53,2325
34,1721
23,1384
28,1506
36,1890
18,1101
59,2759
62,2896
43,2517
75,3368
79,3310
29,1717
59,2620
57,2587
23,1354
66,2784
26,1581
23,1129
42,2031
44,2157
27,1418
38,1774
77,3258
71,3413
73,3153
63,2957
18,1007
47,2209
23,1215
27,1468
31,1664
68,3176
77,3344
63,2591
26,1453
42,2195
36,1830
47,2020
75,3168
78,3524
20,1184
68,2964
57,2620
74,3380
38,1960
53,2614
71,3076
54,2431
29,1721
53,2387
67,3002
28,1418
67,3038
70,3084
54,2587
40,1989
41,1951
66,2719
20,1053
30,1596
35,2076
79,3207
50,2306
38,2042
29,1534
33,1568
19,1274
67,2775
34,1860
49,2267
65,2950
50,2314
35,1995
64,2706
46,2270
40,1978
44,2175
74,3255
53,2500
68,2865
74,3136
70,2983
20,1265
48,2300
71,3170
37,1811
59,2618
19,1219
44,2047
39,1951
33,1853
55,2569
43,1956
31,1374
62,2862
53,2479
29,1693
48,2244
67,3246
50,2259
45,1986
39,1981
20,1241
54,2444
70,2865
57,2545
48,2295
72,3346
38,1944
58,2766
71,2889
34,1654
66,3031
73,3174
19,1247
71,3384
66,3149
61,2813
30,1574
29,1486
57,2879
70,3162
25,1313
38,1910
67,2902
47,2322
52,2500
57,2446
36,1895
62,2747
60,2873
61,2840
37,1803
62,2726
67,3106
46,1966
29,1422
52,2578
34,1748
79,3423
76,3334
60,2751
62,2957
61,2824
64,2753
50,2416
58,2540
60,2877
74,3140
66,3020
24,1487
74,3314
60,2859
50,2611
78,3532
48,2041
27,1451
46,2219
50,2463
58,2700
22,1191
51,2602
53,2615
36,1872
38,1995
72,3367
50,2457
78,3305
47,2337
44,2010
55,2515
74,3274
28,1469
26,1801
26,1466
25,1326
69,3251
30,1689
35,1706
56,2475
59,2882
61,2682
18,1434
65,2806
60,2844
74,3097
19,1318
27,1465
33,1371
35,1690
70,3134
57,2621
18,1172
33,1834
66,2921
40,1925
45,2170
62,2669
41,2002
19,1223
70,3144
75,3359
40,1924
49,2176
78,3302
30,1614
20,1298
56,2656
44,2298
41,1903
49,2332
60,2755
21,1292
51,2470
44,2217
42,2196
47,2204
44,2302
42,1953
74,3216
27,1489
68,2980
31,1476
48,2224
50,2201
57,2799
45,2422
34,1888
78,3385
56,2636
30,1607
80,3536
26,1621
75,3193
59,2675
77,3436
64,2952
68,2909
32,1731
64,2907
37,1939
69,2998
75,3165
26,1224
45,2221
42,2045
60,2748
76,3052
63,2936
29,1673
19,1076
45,2311
24,1380
75,3358
78,3512
67,3109
70,3401
41,2127
18,1022
33,1837
57,2739
51,2309
48,2297
76,3404
36,1900
33,1692
34,1886
32,1666
48,2232
43,2337
49,2224
22,1454
21,1454
54,2536
20,1122
57,2529
64,2956
48,2065
30,1685
36,1807
72,3019
18,1081
19,1351
44,2138
38,1924
74,3440
44,2159
56,2301
20,1230
72,3111
48,2375
28,1482
23,1206
80,3303
22,1235
18,998
23,1385
38,1852
35,1723
60,2584
25,1471
49,2388
36,1841
71,3110
38,1948
35,1816
33,1750
52,2628
52,2507
42,2142
78,3477
50,2423
53,2615
58,2645
60,2572
27,1589
62,2968
42,1878
56,2633
33,1568
30,1716
47,2348
50,2393
66,2863
20,1377
53,2603
56,2797
63,2753
23,1328
62,2909
73,3375
61,2798
42,2192
52,2322
21,1332
33,1882
56,2680
47,2201
28,1445
56,2549
48,2255
63,2641
62,2827
52,2378
26,1501
23,1492
42,2095
54,2505
35,1837
69,2915
73,3203
62,2731
18,1335
26,1544
52,2551
49,2377
18,1006
43,2357
21,1435
43,2188
41,1981
74,3170
45,2360
52,2547
31,1543
28,1519
58,2435
19,1140
62,2996
66,2777
56,2678
54,2541
43,1875
52,2528
79,3552
78,3346
38,1877
58,2726
38,1728
56,2530
39,2118
53,2142
63,2730
58,2688
74,3223
39,1808
73,3263
41,1783
49,2222
42,2404
44,1904
26,1299
46,1858
58,2442
76,3421
40,2054
50,2504
79,3639
46,2171
78,3123
24,1560
51,2529
26,1390
31,1554
46,2322
42,2051
41,1927
38,2008
47,2186
47,2464
23,1432
58,2545
79,3394
63,2866
39,2061
33,1626
56,2473
53,2318
18,1001
67,2989
65,2964
69,2961
33,1744
24,1454
56,2401
31,1737
62,2762
31,1703
54,2492
34,1964
76,3327
28,1606
75,3252
73,3248
28,1670
57,2633
64,2797
27,1521
29,1849
62,2808
57,2624
29,1536
31,1613
22,1195
74,3275
48,2199
23,1330
39,1756
76,3291
54,2424
30,1634
19,1401
68,3021
61,2791
45,2163
27,1448
47,2281
22,1290
62,2827
43,2085
19,1159
31,1770
42,2013
38,1680
37,1813
64,2821
68,3002
26,1455
61,2655
68,2927
45,2263
54,2524
45,2238
20,1074
69,3192
58,2671
43,2108
78,3530
54,2438
49,2342
51,2434
62,2757
65,2783
35,1738
22,1483
50,2217
57,2632
18,1113
69,3121
44,2049
31,1640
80,3556
24,1522
53,2575
52,2494
73,3176
36,1763
34,1651
29,1477
62,2807
26,1483
80,3576
78,3452
74,3262
43,2089
62,2876
67,3068
79,3192
59,2552
39,2051
36,1556
42,2156
30,1607
59,2625
65,2885
80,3452
19,1162
45,2091
54,2433
74,3244
18,1208
46,2019
25,1143
54,2445
42,2216
44,2275
64,2716
78,3194
77,3239
38,1849
49,2486
29,1393
18,880
46,2243
44,2176
36,1767
44,2122
24,1569
73,3370
50,2228
36,1957
71,2916
76,3192
50,2394
70,3232
22,1460
44,2288
37,1860
76,3180
21,1343
39,1851
65,3037
56,2557
22,1210
18,1052
22,1240
49,2369
75,3149
71,3320
53,2510
42,1936
37,2044
31,1669
66,2911
50,2378
38,1815
32,1628
74,3322
66,3026
80,3536
57,2729
73,3276
32,1666
51,2397
39,1838
73,3324
37,1902
54,2451
48,2101
41,2132
25,1526
75,3258
76,3294
30,1212
64,2677
68,3095
62,2922
24,1457
59,2726
75,3262
41,1948
57,2654
44,2109
51,2511
46,2420
43,1904
60,2747
23,1519
51,2401
23,1203
36,1896
70,2998
37,1717
71,2838
27,1301
27,1293
46,2312
19,1221
32,1753
21,1396
66,2932
35,1781
58,2753
74,3286
46,2166
22,1205
49,2367
51,2500
73,3107
20,1240
47,2156
22,1169
53,2376
56,2510
28,1383
50,2155
44,2339
27,1485
43,2112
43,2136
77,3292
19,1145
23,1397
24,1176
68,2933
72,3173
50,2385
19,1092
76,3277
72,3195
25,1171
32,1772
53,2238
75,3243
63,2957
45,2080
47,2241
38,1607
47,2120
51,2443
80,3327
46,1850
33,1730
71,3191
31,1524
58,2814
38,2033
40,2183
48,2223
65,2874
70,3274
41,1995
24,1377
37,1925
59,2722
27,1542
68,3188
43,1965
38,1815
77,3280
65,2707
74,3192
52,2639
32,1647
67,2907
50,2190
48,2242
76,3322
67,3076
79,3608
45,2304
38,1914
50,2424
40,1855
46,2256
76,3373
46,1998
79,3417
63,2549
23,1230
63,2763
70,3184
23,1519
41,1858
65,2908
45,2245
47,2223
68,2853
34,1734
40,1897
52,2590
58,2638
77,3384
22,1235
78,3502
50,2260
53,2600
36,1879
68,3062
60,2674
21,1274
53,2248
46,2185
26,1438
26,1430
58,2655
67,2996
45,2143
80,3504
64,2784
70,2885
30,1458
25,1338
44,2280
18,1074
43,2082
69,3091
68,3064
61,2776
57,2729
75,3272
80,3489
44,2022
19,1375
57,2771
37,1711
35,1656
31,1774
22,1403
76,3438
26,1416
21,1089
49,2247
22,1340
40,1921
75,3215
55,2478
49,2239
74,3402
56,2635
72,3190
53,2639
65,2861
64,2893
77,3338
36,1830
53,2564
52,2431
18,1172
79,3420
41,1994
62,2690
36,1872
40,1962
68,2894
47,2189
22,1223
36,1678
33,1631
45,2254
62,2699
21,1229
52,2430
37,2053
23,1351
45,2041
58,2725
49,2384
47,2045
43,2042
37,1886
71,2945
59,2728
45,2123
33,1713
41,2035
65,2726
21,1485
79,3522
80,3565
76,3266
76,3348
65,2841
27,1228
20,1468
38,1821
19,1369
45,2181
65,3000
72,3397
38,2109
26,1561
41,1923
24,1386
66,3207
66,2734
31,1814
32,1610
51,2552
68,3025
56,2670
44,2075
31,1462
37,1843
46,2358
34,1645
30,1604
64,2942
33,1573
60,2841
70,2984
53,2388
57,2626
43,2151
62,2628
79,3486
54,2490
66,2996
41,2075
50,2596
44,2109
68,3019
43,2069
28,1359
78,3404
45,2116
39,1757
62,2709
66,2953
53,2460
27,1635
63,2762
77,3313
39,2024
47,2218
44,2127
53,2441
31,1637
53,2460
33,1827
68,2985
27,1315
58,2488
74,3259
22,1217
32,1577
24,1420
59,2473
19,1002
31,1540
48,2292
67,3308
52,2471
79,3392
53,2418
35,1888
80,3406
68,3041
68,2947
38,1965
65,2966
28,1488
40,2005
70,3259
26,1383
69,3153
18,1256
34,1687
60,2562
62,2784
54,2389
46,2219
61,2766
39,2103
24,1416
40,1905
25,1393
54,2484
20,1317
32,1886
31,1573
71,3172
79,3321
24,1475
52,2416
64,3123
45,2195
22,1325
23,1606
36,1801
60,2735
21,1239
77,3544
27,1565
44,2188
43,2141
65,2928
56,2492
25,1430
34,1752
39,1930
27,1502
30,1863
48,2215
49,2377
24,1182
21,1339
24,1438
68,3057
26,1531
61,2863
19,1200
47,2347
80,3418
59,2904
26,1394
58,2768
49,2353
77,3467
48,2229
42,1885
56,2312
79,3658
49,2496
60,2735
54,2501
59,2548
74,3164
23,1361
21,1194
79,3340
44,2180
39,1842
66,2935
75,3450
41,1982
22,1271
52,2332
51,2502
45,2132
54,2479
80,3265
55,2530
39,1853
60,2733
41,1993
27,1526
58,2553
42,2065
41,2176
42,1992
60,2638
59,2720
32,1847
50,2458
73,3416
62,2818
24,1449
58,2626
52,2367
80,3524
26,1596
44,1902
25,1594
60,2750
53,2567
27,1313
48,2376
30,1475
56,2759
23,1354
35,1844
32,1717
63,2837
60,2912
67,2903
67,3016
28,1450
26,1510
77,3463
62,2766
49,2439
66,2951
26,1509
22,1212
57,2736
78,3329
57,2619
68,3022
24,1384
48,2316
36,1767
53,2727
50,2445
32,1742
40,2101
59,2781
32,1556
25,1513
70,3073
63,2970
75,3238
56,2519
39,2069
76,3213
54,2519
52,2459
75,3322
56,2543
21,1211
27,1542
45,2483
21,1132
33,1729
41,2164
43,1920
23,1310
53,2225
53,2282
58,2583
48,2204
28,1602
36,1644
71,3246
38,1936
52,2501
65,2904
31,1833
20,1055
26,1428
39,2083
56,2325
38,1991
55,2500
71,3178
18,1283
46,2485
31,1775
68,2873
40,2018
23,1175
69,2872
20,1403
26,1368
75,3230
23,1475
36,1801
71,3049
44,2262
29,1539
33,1821
42,1935
71,3197
26,1463
80,3572
55,2757
52,2461
18,1378
24,1490
54,2506
41,1900
49,2560
21,1322
55,2434
42,2182
42,2011
62,2652
41,1877
18,1082
57,2657
18,1201
64,2884
65,3104
59,2570
68,3136
39,1787
36,1765
68,2946
78,3416
57,2689
23,1457
45,2158
39,2070
48,2283
22,1366
28,1593
59,2510
44,2160
57,2801
22,1232
58,2764
19,1279
58,2566
26,1368
25,1311
22,1268
58,2616
50,2381
49,2253
27,1541
20,1233
47,2250
33,1597
76,3384
62,2821
34,1633
58,2543
57,2818
66,2935
24,1253
69,2964
54,2772
75,3065
20,1287
60,2745
69,3000
43,1920
73,3216
74,3296
49,2272
78,3556
76,3502
41,1975
66,2779
44,1944
36,1898
35,1727
63,2955
37,1973
18,1135
80,3401
52,2453
27,1571
44,2128
74,3080
56,2569
62,2485
67,2895
35,1853
54,2265
68,3105
29,1651
75,3139
72,3227
60,2815
76,3137
54,2605
41,1770
62,2687
31,1489
26,1212
61,2823
78,3396
46,2284
62,2531
63,3010
77,3217
64,2747
44,2073
72,3229
51,2544
22,1328
70,3192
71,3352
61,2619
35,1895
67,2948
31,1650
72,3030
19,1163
78,3361
43,2082
23,1276
72,3086
56,2611
74,3272
53,2479
35,1859
25,1464
57,2723
76,3340
21,1350
73,3550
39,2088
40,1898
62,2759
52,2437
51,2303
66,3035
34,1863
21,1455
43,1925
22,1366
30,1533
35,1823
37,1779
21,1124
18,956
77,3313
25,1483
53,2626
77,3416
47,2194
43,2036
53,2493
62,3007
41,1911
80,3540
25,1185
70,3022
55,2442
60,2535
48,2264
73,3516
52,2503
40,2083
40,1834
27,1502
78,3389
59,2692
28,1391
60,2488
67,2927
20,1105
70,2916
53,2559
18,1179
18,934
31,1753
29,1464
55,2457
34,1640
69,3140
38,1663
78,3532
33,1341
70,3278
52,2469
26,1494
58,2717
53,2497
78,3243
47,2286
25,1440
36,1997
64,2723
42,2095
21,1586
27,1627
63,2873
36,1726
74,3338
65,2969
62,2902
24,1433
68,2927
25,1333
48,2109
57,2630
43,2019
20,1220
42,2067
36,1916
57,2666
77,3334
26,1448
63,2863
57,2536
26,1399
66,3138
63,3181
62,2704
44,2349
49,2242
23,1326
65,3002
43,2175
44,1759
26,1311
63,2815
47,2196
73,3280
32,1503
63,2618
23,1445
54,2352
70,3099
75,3363
58,2611
71,3240
74,3437
78,3478
60,2614
67,2928
52,2536
55,2589
49,2286
20,1211
65,2972
52,2580
37,1792
19,1050
53,2445
70,3260
43,2102
21,1257
30,1602
44,2187
42,2064
75,3489
76,3263
55,2660
55,2342
51,2637
78,3468
79,3128
80,3440
78,3288
74,3240
57,2533
32,1661
32,1584
23,1176
28,1452
50,2422
26,1366
22,1487
66,2966
75,3271
47,2287
76,3399
71,3182
80,3294
31,1641
18,1106
77,3146
50,2471
53,2549
37,1659
32,1561
73,3371
64,2965
45,2263
50,2236
75,3035
69,3023
33,1568
60,2827
64,2948
68,2906
43,2213
45,2019
71,3230
62,2696
43,1881
70,3159
76,3261
63,2728
47,2076
69,2876
26,1333
48,2140
80,3339
36,2004
76,3438
52,2745
22,1360
36,1604
75,3245
48,2325
22,1338
79,3400
43,2236
52,2332
71,3101
20,1073
67,2920
29,1410
58,2856
53,2389
58,2788
32,1701
55,2690
64,2835
18,885
71,3011
28,1661
43,2003
27,1505
72,2991
70,2860
42,2273
68,2992
19,1219
68,2847
63,2822
69,2970
48,2272
36,1828
38,1934
23,1357
37,1784
56,2430
67,2977
64,3005
68,2887
34,1766
39,1925
59,2534
52,2329
77,3369
65,2842
68,3006
32,1782
59,2564
28,1569
31,1527
37,1877
19,1228
48,2108
77,3241
33,1892
44,2061
31,1582
37,2068
45,2162
73,3118
66,2909
69,3338
20,1120
43,2075
18,1262
29,1576
66,3150
47,2370
49,2343
55,2414
77,3228
61,2394
19,1386
53,2472
20,1200
58,3037
19,1309
24,1287
74,3474
56,2493
61,2804
66,3032
66,3099
64,2946
27,1377
19,1334
43,2220
70,2904
71,3215
69,3136
21,1141
51,2339
40,1885
23,1359
80,3219
76,3212
38,1648
75,3248
40,1907
62,2942
66,2786
52,2364
30,1610
24,1393
23,1403
41,2011
66,2974
45,2324
66,2785
51,2632
59,2765
55,2644
54,2335
45,2216
33,1682
78,3377
78,3240
63,2697
55,2651
26,1447
44,2060
24,1426
31,1672
67,2852
79,3117
72,3140
59,2825
56,2510
41,1889
53,2422
24,1523
41,1935
47,2069
25,1399
19,1140
30,1554
63,2766
45,2123
76,3373
61,2818
80,3336
61,2708
44,1925
78,3281
26,1495
39,2009
31,1581
71,3065
23,1340
49,2161
28,1290
43,2205
38,1840
45,2229
19,1045
61,2908
59,2794
65,2890
41,2078
35,1976
29,1636
42,1962
53,2353
74,3434
58,2810
56,2425
66,2955
67,3275
67,3006
44,2027
40,2150
63,2837
45,2274
22,1342
60,2833
21,1253
33,1578
24,1459
18,914
53,2526
29,1273
30,1702
66,2836
64,2796
44,2134
54,2453
59,2641
33,1645
47,2163
37,1768
29,1867
26,1377
24,1471
76,3590
33,1592
68,2834
52,2393
29,1783
41,2224
67,3088
34,1731
34,1719
48,2088
39,2067
29,1422
33,1706
69,3061
50,2350
72,3029
43,2079
66,3007
46,2325
41,2062
24,1511
51,2354
20,1385
61,2735
79,3284
22,1357
74,3071
31,1743
78,3481
47,2369
37,1762
41,1797
25,1546
65,3025
44,2322
34,1640
80,3353
75,3418
42,2078
32,1612
32,1569
59,2656
62,2801
54,2497
27,1476
78,3321
28,1671
39,1920
20,1290
65,2932
24,1132
26,1435
25,1561
52,2342
67,2964
21,1209
61,2642
68,2945
34,1686
36,1713
56,2724
73,2961
25,1541
68,2862
51,2299
52,2533
75,3247
49,2379
72,3154
44,2182
44,2307
56,2715
71,3199
65,2850
44,2033
31,1514
22,1454
31,1597
55,2620
21,1440
28,1613
31,1759
22,1157
30,1583
25,1478
62,2985
69,3116
57,2578
55,2713
37,1922
33,1797
40,1917
67,3007
62,2949
73,3034
55,2599
27,1473
64,2727
27,1508
75,3112
35,1571
65,2699
74,3219
80,3487
71,3002
29,1615
63,2827
43,2147
52,2277
34,1899
31,1556
38,1826
31,1579
18,1184
56,2486
39,1881
59,2642
37,1910
52,2322
76,3224
65,2984
62,2542
67,2952
78,3460
43,2219
31,1495
30,1568
48,2351
60,2664
18,1208
26,1395
65,2896
62,2880
71,3163
21,1413
29,1487
37,1914
52,2489
36,1776
80,3539
27,1446
28,1539
71,3217
56,2416
62,2842
60,2636
22,1293
35,1916
36,1576
30,1525
22,1259
38,1786
37,1940
61,2865
76,3256
22,1361
22,1414
42,2034
65,3030
20,1292
48,2154
55,2644
56,2683
40,1781
23,1457
22,1202
66,2845
71,3141
68,2981
58,2628
42,2123
65,2720
30,1574
52,2539
34,1612
78,3351
45,2163
20,1263
41,2052
33,1764
78,3464
39,1776
31,1735
54,2532
66,2897
77,3250
41,2104
76,3213
18,987
75,3392
36,1753
24,1318
39,1654
69,3092
20,1266
39,1760
78,3524
36,1760
43,1984
45,2033
57,2488
44,2030
72,3230
73,3142
21,1259
46,2248
79,3450
34,1835
77,3381
43,1999
45,2261
39,1905
45,2149
42,2016
54,2474
31,1697
79,3552
80,3306
19,1263
35,1947
59,2534
72,3189
32,1630
26,1462
34,1773
45,2300
52,2524
69,3005
20,1206
80,3501
52,2375
49,2386
42,2034
68,2782
66,2821
54,2496
73,3324
42,1838
32,1865
19,1254
27,1363
56,2746
57,2721
36,1719
41,2176
63,2747
42,2139
31,1505
21,1276
31,1562
31,1641
50,2289
65,2916
52,2692
30,1417
44,2069
65,2853
32,1738
37,1749
47,2266
44,2084
78,3227
62,2566
76,3411
49,2306
49,2333
57,2565
33,1743
63,2679
72,3164
68,3107
19,1210
48,2132
48,2258
27,1720
44,2257
56,2619
23,1358
67,3015
21,1386
20,1348
72,3352
44,2023
50,2342
64,2875
80,3443
60,2724
79,3491
61,2551
80,3332
76,3419
79,3121
72,3164
22,1322
37,1872
41,2083
56,2487
54,2399
38,1918
24,1344
31,1561
77,3177
37,1775
45,2117
66,2830
60,2623
64,2767
59,2716
53,2446
19,1181
41,2177
55,2369